date,symbol,dte_range,cur_price,avg_iv,atm_call_iv,atm_put_iv,skew,iv_hv_diff,iv_30d,iv_45d,iv_60d,iv_term_slope,hv10,hv20,hv60,avg_delta,avg_gamma,avg_theta,avg_vega,avg_rho,gex,gex_call,gex_put,pcr_oi,pcr_vol,call_oi,put_oi,max_pain,pain_diff,rsi14,beta,week52_pos,vol_ratio,ret_1d,ret_5d,ret_20d,atr14,ma20,ma50,ma200,price_vs_ma200,golden_cross,days_to_earn,sample_count
2026-06-11,MMM,30-45,,0.3238,0.3423,0.3052,-0.0371,0.087,0.3878,0.3983,,,0.1732,0.2368,0.2486,0.5022,0.01254,-0.054271,0.121757,-0.010727,,,,,,0,0,,,70.16,,,1.91,,,,,151.38,148.06,156.17,,0.0,40.0,12
2026-06-11,AOS,30-45,,0.5509,,,,0.2983,,,,,0.2358,0.2526,0.2872,,0.028237,-0.022919,0.036919,-0.014738,,,,,,0,0,,,69.43,,,1.2,,,,,57.13,60.84,67.37,,0.0,49.0,16
2026-06-11,ABT,30-45,,0.3356,0.3333,0.3379,0.0046,0.0794,0.3375,0.3658,,,0.2719,0.2562,0.2715,0.5,0.027045,-0.037243,0.084577,-0.008524,,,,,,0,0,,,59.44,,,1.01,,,,,87.53,91.68,114.01,,0.0,35.0,14
2026-06-11,ABBV,30-45,,0.2802,0.2653,0.2951,0.0298,0.0556,0.4206,0.4166,,,0.2663,0.2246,0.2585,0.4965,0.007702,-0.063596,0.144799,-0.016506,,,,,,0,0,,,64.77,,,0.77,,,,,216.12,209.75,217.5,,0.0,49.0,6
2026-06-11,ACN,30-45,,0.5519,0.5377,0.566,0.0283,0.0459,0.6512,0.6228,,,0.5466,0.506,0.4229,0.4978,0.007308,-0.100738,0.136088,-0.040146,,,,,,0,0,,,46.93,,,0.58,,,,,177.22,182.52,227.74,,0.0,7.0,12
2026-06-11,ADBE,30-45,,0.5469,0.5657,0.5282,-0.0375,0.0479,0.6486,0.6122,,,0.609,0.499,0.425,0.503,0.00468,-0.11549,0.159471,-0.053391,,,,,,0,0,,,40.93,,,0.91,,,,,249.37,246.39,300.15,,0.0,0.0,16
2026-06-11,AMD,30-45,,0.7669,0.8531,0.6518,-0.2013,0.0383,0.8199,0.8027,,,0.7866,0.7286,0.7482,0.499,0.002322,-0.38153,0.388083,-0.022994,,,,,,0,0,,,61.13,,,0.87,,,,,478.01,373.47,249.57,,1.0,54.0,35
2026-06-11,AES,30-45,,0.6742,,0.6742,,0.6216,0.6498,0.5141,,,0.0376,0.0526,0.0501,0.5727,0.149441,-0.004303,0.00941,-0.005459,,,,,,0,0,,,58.82,,,0.83,,,,,14.64,14.41,14.02,,1.0,49.0,2
2026-06-11,AFL,30-45,,0.2055,0.2115,0.1996,-0.0119,0.0127,0.2548,0.2336,,,0.2519,0.1928,0.1739,0.5013,0.029854,-0.029018,0.104966,-0.011017,,,,,,0,0,,,43.35,,,0.66,,,,,115.63,113.89,110.07,,1.0,56.0,8
2026-06-11,A,30-45,,0.3193,0.3029,0.3356,0.0327,-0.2639,,,,,0.8094,0.5832,0.4267,0.4957,0.013156,-0.042715,0.084365,-0.036632,,,,,,0,0,,,82.66,,,0.44,,,,,124.01,119.29,129.87,,0.0,76.0,2
2026-06-11,APD,30-45,,0.279,0.2722,0.2858,0.0136,0.1074,,,,,0.2059,0.1716,0.1837,0.4986,0.006597,-0.087929,0.174574,-0.10392,,,,,,0,0,,,36.24,,,0.87,,,,,287.28,293.73,271.96,,1.0,49.0,2
2026-06-11,ABNB,30-45,,0.3754,0.3874,0.362,-0.0254,0.1088,0.41,0.4013,,,0.2814,0.2666,0.3032,0.4964,0.015822,-0.053332,0.115152,-0.02132,,,,,,0,0,,,50.38,,,0.96,,,,,133.61,135.26,128.89,,1.0,55.0,19
2026-06-11,AKAM,30-45,,0.5975,0.6332,0.5618,-0.0714,0.0198,0.6257,0.6213,,,0.5817,0.5777,0.821,0.505,0.009342,-0.077402,0.104161,-0.032779,,,,,,0,0,,,46.59,,,0.82,,,,,149.73,124.5,97.33,,1.0,56.0,8
2026-06-11,ALB,30-45,,0.6084,0.6285,0.5882,-0.0403,0.2074,0.6668,0.6581,,,0.4057,0.401,0.5966,0.502,0.007527,-0.085657,0.110867,-0.038356,,,,,,0,0,,,30.3,,,1.02,,,,,172.04,183.29,143.3,,1.0,48.0,12
2026-06-11,ARE,30-45,,0.4982,0.4393,0.5276,0.0883,0.0,,,,,0.6176,0.4982,0.5169,0.5252,0.024692,-0.026461,0.035631,-0.010914,,,,,,0,0,,,69.08,,,0.86,,,,,49.13,46.52,56.0,,0.0,53.0,3
2026-06-11,ALGN,30-45,,0.4727,0.4925,0.4479,-0.0446,0.0471,0.5349,0.5551,,,0.4962,0.4256,0.4205,0.4935,0.008771,-0.088791,0.13864,-0.025296,,,,,,0,0,,,71.78,,,1.01,,,,,165.39,173.23,159.04,,1.0,48.0,9
2026-06-11,ALLE,30-45,,0.2909,0.2824,0.2995,0.0171,0.0397,,,,,0.184,0.2512,0.2791,0.4992,0.016454,-0.041585,0.089888,-0.035973,,,,,,0,0,,,66.35,,,1.04,,,,,129.79,136.57,157.65,,0.0,42.0,2
2026-06-11,LNT,30-45,,0.2301,0.2364,0.2239,-0.0125,0.0062,,,,,0.268,0.2239,0.1898,0.4989,0.032576,-0.022948,0.049896,-0.000276,,,,,,0,0,,,47.36,,,1.17,,,,,72.18,72.15,67.8,,1.0,56.0,2
2026-06-11,ALL,30-45,,0.3934,,,,0.1042,,,,,0.33,0.2892,0.2307,,0.008393,-0.060987,0.131057,-0.01663,,,,,,0,0,,,43.66,,,0.8,,,,,213.72,213.15,205.0,,1.0,-43.0,30
2026-06-11,GOOGL,30-45,,0.3402,0.3647,0.3126,-0.0521,0.0496,0.4903,0.4597,,,0.3154,0.2906,0.3583,0.4973,0.003793,-0.100871,0.198845,-0.045424,,,,,,0,0,,,33.05,,,0.99,,,,,381.81,359.47,305.8,,1.0,42.0,17
2026-06-11,GOOG,30-45,,0.339,0.3637,0.3018,-0.0619,0.0514,0.4832,0.4524,,,0.3185,0.2876,0.3493,0.511,0.004362,-0.114152,0.21842,-0.000101,,,,,,0,0,,,32.86,,,0.86,,,,,378.36,356.69,305.4,,1.0,42.0,15
2026-06-11,MO,30-45,,0.2815,0.182,0.3147,0.1327,0.0511,0.3273,0.2931,,,0.2546,0.2304,0.2649,0.513,0.043219,-0.029122,0.072181,-0.019983,,,,,,0,0,,,39.11,,,0.98,,,,,71.87,69.24,63.16,,1.0,49.0,8
2026-06-11,AMZN,30-45,,0.341,0.3687,0.2994,-0.0693,0.0681,0.5028,0.4811,,,0.3166,0.2729,0.3002,0.4853,0.005469,-0.066905,0.127719,-0.029208,,,,,,0,0,,,37.02,,,0.94,,,,,261.28,253.87,232.36,,1.0,49.0,10
2026-06-11,AMCR,30-45,,0.3127,0.3265,0.2989,-0.0276,-0.0286,,,,,0.2783,0.3413,0.3821,0.5019,0.068304,-0.016248,0.033017,-0.005591,,,,,,0,0,,,66.76,,,0.55,,,,,37.92,38.7,40.7,,0.0,-36.0,4
2026-06-11,AEE,30-45,,0.2113,0.219,0.2036,-0.0154,-0.0233,,,,,0.2669,0.2346,0.1977,0.5021,0.019614,-0.029871,0.066067,-0.0282,,,,,,0,0,,,49.32,,,0.54,,,,,107.69,109.49,103.95,,1.0,49.0,2
2026-06-11,AEP,30-45,,0.2384,0.2313,0.2454,0.0141,-0.0152,,,,,0.2502,0.2536,0.2144,0.4987,0.017688,-0.034812,0.084035,-0.040542,,,,,,0,0,,,47.22,,,1.03,,,,,128.0,131.06,120.81,,1.0,49.0,2
2026-06-11,AXP,30-45,,0.3201,0.3306,0.3075,-0.0231,0.0924,0.4186,0.4057,,,0.3054,0.2277,0.2363,0.4925,0.005108,-0.085458,0.195694,-0.056562,,,,,,0,0,,,59.66,,,0.73,,,,,311.71,315.49,335.98,,0.0,43.0,11
2026-06-11,AIG,30-45,,0.3028,0.2772,0.3285,0.0513,0.0724,0.3841,0.3382,,,0.2522,0.2304,0.2303,0.4972,0.0338,-0.030987,0.070806,-0.018853,,,,,,0,0,,,35.73,,,0.84,,,,,75.53,76.19,77.37,,0.0,-42.0,10
2026-06-11,AMT,30-45,,0.2997,0.264,0.3353,0.0713,-0.0392,,,,,0.3762,0.3389,0.2814,0.4997,0.012544,-0.078052,0.156264,-0.043452,,,,,,0,0,,,63.53,,,0.68,,,,,183.88,179.88,180.46,,0.0,47.0,4
2026-06-11,AWK,30-45,,0.2533,0.2484,0.2583,0.0099,0.0339,,,,,0.2514,0.2194,0.2065,0.5011,0.015933,-0.037113,0.078517,-0.023753,,,,,,0,0,,,53.11,,,0.82,,,,,123.93,128.26,131.09,,0.0,48.0,2
2026-06-11,AMP,30-45,,0.2909,0.3075,0.2742,-0.0333,0.0856,,,,,0.2499,0.2053,0.2312,0.504,0.005066,-0.155773,0.329278,-0.033312,,,,,,0,0,,,39.18,,,0.64,,,,,454.35,456.77,473.18,,0.0,42.0,4
2026-06-11,AME,30-45,,0.2917,0.2922,0.2912,-0.001,0.1014,,,,,0.1751,0.1903,0.249,0.5,0.007494,-0.065012,0.128097,-0.039909,,,,,,0,0,,,64.12,,,0.63,,,,,226.75,229.01,210.11,,1.0,49.0,2
2026-06-11,AMGN,30-45,,0.2782,0.2851,0.2714,-0.0137,0.054,0.3604,0.3638,,,0.2424,0.2242,0.2277,0.4995,0.00575,-0.088099,0.220742,-0.055285,,,,,,0,0,,,64.51,,,1.19,,,,,335.99,338.6,325.83,,1.0,54.0,12
2026-06-11,APH,30-45,,0.5612,0.5906,0.5318,-0.0588,0.0052,,,,,0.5677,0.556,0.4941,0.5031,0.008657,-0.08908,0.108511,-0.004245,,,,,,0,0,,,79.61,,,1.1,,,,,136.92,138.93,134.73,,1.0,48.0,6
2026-06-11,ADI,30-45,,0.4999,0.5076,0.4921,-0.0155,0.0062,0.5461,0.546,,,0.5173,0.4937,0.4038,0.5013,0.003492,-0.197922,0.313088,-0.067709,,,,,,0,0,,,47.37,,,0.75,,,,,412.96,388.53,303.37,,1.0,69.0,20
2026-06-11,AON,30-45,,0.286,0.2999,0.272,-0.0279,0.0721,,,,,0.1976,0.2139,0.2579,0.5025,0.005914,-0.098522,0.215362,-0.062462,,,,,,0,0,,,58.74,,,0.96,,,,,320.96,321.0,338.32,,0.0,43.0,2
2026-06-11,APA,30-45,,0.5195,0.4363,0.5888,0.1525,0.1052,0.5634,0.5464,,,0.3958,0.4143,0.5195,0.4997,0.042307,-0.025334,0.037844,-0.008158,,,,,,0,0,,,30.8,,,0.91,,,,,37.93,38.48,29.06,,1.0,55.0,11
2026-06-11,APO,30-45,,0.3966,0.4272,0.3599,-0.0673,0.1048,0.4361,0.4465,,,0.3496,0.2918,0.3397,0.5046,0.014872,-0.063716,0.12101,0.00346,,,,,,0,0,,,52.98,,,0.66,,,,,130.08,124.06,127.72,,0.0,54.0,22
2026-06-11,AAPL,30-45,,0.2566,0.27,0.2398,-0.0302,0.0221,0.3986,0.3817,,,0.2931,0.2345,0.2318,0.4903,0.005289,-0.061845,0.146894,-0.028961,,,,,,0,0,,,42.51,,,0.97,,,,,305.07,283.65,265.67,,1.0,49.0,9
2026-06-11,AMAT,30-45,,0.7294,0.7782,0.6724,-0.1058,0.0809,0.7729,0.7701,,,0.788,0.6485,0.557,0.4991,0.002249,-0.411938,0.444683,-0.037398,,,,,,0,0,,,72.81,,,1.3,,,,,453.44,416.76,303.65,,1.0,63.0,39
2026-06-11,APP,30-45,,0.7034,0.7354,0.6676,-0.0678,-0.0408,0.74,0.7401,,,0.8167,0.7442,0.6686,0.4993,0.002034,-0.343923,0.392372,-0.082723,,,,,,0,0,,,58.75,,,1.01,,,,,533.93,480.17,541.82,,0.0,56.0,36
2026-06-11,APTV,30-45,,0.5298,0.556,0.5036,-0.0524,-0.1043,,,,,0.7321,0.6341,0.5507,0.5057,0.023455,-0.044087,0.054461,0.004887,,,,,,0,0,,,73.42,,,0.61,,,,,62.65,60.69,74.83,,0.0,49.0,4
2026-06-11,ACGL,30-45,,0.4045,,,,0.1622,,,,,0.3104,0.2423,0.2211,,0.02346,-0.024205,0.059015,-0.041605,,,,,,0,0,,,31.27,,,0.95,,,,,92.26,94.58,93.39,,1.0,47.0,20
2026-06-11,ADM,30-45,,0.335,0.3473,0.3227,-0.0246,0.0731,,,,,0.291,0.2619,0.2984,0.5003,0.028621,-0.035004,0.067029,-0.002246,,,,,,0,0,,,54.61,,,0.86,,,,,80.3,75.35,65.42,,1.0,54.0,4
2026-06-11,ARES,30-45,,0.4803,0.4551,0.5016,0.0465,0.0773,0.4944,0.5065,,,0.4684,0.403,0.4214,0.5045,0.013086,-0.073066,0.120911,-0.01231,,,,,,0,0,,,65.01,,,0.55,,,,,125.82,118.82,140.61,,0.0,49.0,24
2026-06-11,ANET,30-45,,0.6009,0.6623,0.5132,-0.1491,0.0123,0.6098,0.6427,,,0.654,0.5886,0.6279,0.504,0.008966,-0.102465,0.131499,-0.003923,,,,,,0,0,,,57.48,,,0.69,,,,,154.38,154.35,141.2,,1.0,54.0,17
2026-06-11,AJG,30-45,,0.3584,0.364,0.3527,-0.0113,0.0414,,,,,0.3215,0.317,0.2861,0.5001,0.006989,-0.075314,0.133456,-0.038972,,,,,,0,0,,,67.3,,,0.94,,,,,204.57,209.83,244.22,,0.0,49.0,2
2026-06-11,AIZ,30-45,,0.2303,0.2487,0.2118,-0.0369,0.0122,,,,,0.211,0.2181,0.215,0.5041,0.007468,-0.068139,0.1453,-0.037075,,,,,,0,0,,,41.69,,,0.73,,,,,251.51,236.92,225.37,,1.0,54.0,2
2026-06-11,T,30-45,,0.3072,0.2665,0.3276,0.0611,0.0365,0.54,0.5049,,,0.2701,0.2707,0.2436,0.5322,0.075763,-0.009154,0.016703,-0.006263,,,,,,0,0,,,19.24,,,0.96,,,,,24.29,25.51,25.86,,0.0,41.0,6
2026-06-11,ATO,30-45,,0.2092,0.1988,0.2195,0.0207,0.0329,,,,,0.1836,0.1763,0.1738,0.4991,0.014938,-0.046877,0.112185,-0.04705,,,,,,0,0,,,29.56,,,0.85,,,,,173.2,180.66,173.34,,1.0,55.0,2
2026-06-11,ADSK,30-45,,0.4412,0.4878,0.3712,-0.1166,0.03,0.5704,0.5434,,,0.5486,0.4112,0.4007,0.4867,0.007265,-0.127337,0.187131,0.024648,,,,,,0,0,,,35.93,,,0.69,,,,,236.24,237.6,272.96,,0.0,77.0,10
2026-06-11,ADP,30-45,,0.3126,0.2828,0.3349,0.0521,-0.0146,0.4204,0.385,,,0.3098,0.3272,0.3115,0.5125,0.009068,-0.08506,0.190563,-0.052669,,,,,,0,0,,,61.92,,,0.78,,,,,222.89,211.15,243.23,,0.0,48.0,7
2026-06-11,AZO,30-45,,0.3316,0.3427,0.3206,-0.0221,-0.0787,,,,,0.2852,0.4103,0.33,0.5012,0.000739,-1.174343,2.429785,-0.095584,,,,,,0,0,,,38.11,,,0.32,,,,,3191.39,3389.5,3682.72,,0.0,-16.0,28
2026-06-11,AVB,30-45,,0.2384,,0.2384,,0.0436,,,,,0.2012,0.1948,0.2121,0.4904,0.014318,-0.057725,0.131496,-0.019464,,,,,,0,0,,,54.03,,,0.84,,,,,185.22,179.23,178.01,,1.0,-45.0,2
2026-06-11,AVY,30-45,,0.291,0.3032,0.2787,-0.0245,0.0418,,,,,0.2959,0.2492,0.2604,0.4996,0.0135,-0.056358,0.111519,-0.030648,,,,,,0,0,,,61.11,,,1.02,,,,,156.72,162.72,171.08,,0.0,40.0,4
2026-06-11,AXON,30-45,,0.6773,0.7314,0.6024,-0.129,0.0269,0.7201,0.7039,,,0.8512,0.6504,0.6594,0.505,0.002789,-0.353965,0.412291,-0.025151,,,,,,0,0,,,63.36,,,0.6,,,,,429.42,408.72,554.83,,0.0,53.0,31
2026-06-11,BKR,30-45,,0.3877,0.3842,0.3913,0.0071,-0.0136,,,,,0.5215,0.4013,0.3756,0.4991,0.020375,-0.024383,0.036183,0.004296,,,,,,0,0,,,45.38,,,0.73,,,,,64.83,64.17,54.29,,1.0,40.0,2
2026-06-11,BALL,30-45,,0.3072,0.3079,0.3065,-0.0014,0.0663,,,,,0.2415,0.2409,0.2954,0.5,0.035435,-0.02123,0.038409,-0.004309,,,,,,0,0,,,45.54,,,0.97,,,,,54.9,58.55,54.85,,1.0,54.0,2
2026-06-11,BAC,30-45,,0.291,0.3016,0.2803,-0.0213,0.0892,0.3665,0.3622,,,0.2496,0.2018,0.2113,0.5016,0.033811,-0.017916,0.037309,0.003445,,,,,,0,0,,,75.91,,,0.76,,,,,51.54,51.81,51.48,,1.0,33.0,8
2026-06-11,BAX,30-45,,0.4493,0.4501,0.4484,-0.0017,0.0947,0.5199,0.541,,,0.3629,0.3546,0.3984,0.5001,0.081951,-0.011365,0.018451,-0.000477,,,,,,0,0,,,70.31,,,1.47,,,,,18.72,18.0,19.78,,0.0,49.0,8
2026-06-11,BDX,30-45,,0.278,0.2962,0.2597,-0.0365,0.0433,,,,,0.2112,0.2347,0.2624,0.5046,0.013752,-0.050361,0.099952,-0.016023,,,,,,0,0,,,66.32,,,0.52,,,,,145.92,149.3,152.23,,0.0,56.0,2
2026-06-11,BBY,30-45,,0.3923,0.3516,0.4279,0.0763,-0.2251,0.4649,0.4318,,,0.8365,0.6174,0.4542,0.4888,0.025886,-0.037776,0.068956,-0.002578,,,,,,0,0,,,76.61,,,0.52,,,,,66.38,63.54,68.51,,0.0,77.0,15
2026-06-11,TECH,30-45,,0.4847,0.5091,0.4603,-0.0488,0.0543,,,,,0.4336,0.4304,0.6134,0.507,0.026013,-0.030447,0.03922,-0.017093,,,,,,0,0,,,78.62,,,0.82,,,,,48.79,52.19,57.33,,0.0,55.0,2
2026-06-11,BIIB,30-45,,0.3743,0.3985,0.35,-0.0485,0.0122,0.4533,0.4458,,,0.3225,0.3621,0.3395,0.5051,0.008355,-0.070137,0.137154,-0.018782,,,,,,0,0,,,60.85,,,0.94,,,,,193.96,188.01,172.71,,1.0,49.0,8
2026-06-11,BLK,30-45,,0.3206,0.3276,0.3137,-0.0139,0.0212,0.4084,0.4072,,,0.3077,0.2994,0.2776,0.5008,0.001779,-0.318155,0.697851,-0.12134,,,,,,0,0,,,45.33,,,0.68,,,,,1041.71,1033.78,1060.52,,0.0,34.0,20
2026-06-11,BX,30-45,,0.4488,0.4679,0.4278,-0.0401,-0.0007,0.4677,0.498,,,0.5564,0.4495,0.3949,0.4978,0.014596,-0.062631,0.108639,-0.004079,,,,,,0,0,,,59.14,,,0.74,,,,,117.1,119.53,138.29,,0.0,42.0,21
2026-06-11,XYZ,30-45,,0.4988,0.5236,0.471,-0.0526,0.0574,0.5381,0.5252,,,0.5375,0.4414,0.4208,0.5088,0.025471,-0.04062,0.064046,-0.005758,,,,,,0,0,,,48.31,,,0.55,,,,,70.9,69.18,67.5,,1.0,-35.0,17
2026-06-11,BNY,30-45,,0.3093,0.3354,0.2832,-0.0522,0.1402,,,,,0.2128,0.1691,0.186,0.501,0.013597,-0.053623,0.097471,-0.014,,,,,,0,0,,,67.04,,,0.84,,,,,139.52,134.07,117.65,,1.0,,2
2026-06-11,BA,30-45,,0.3576,0.3798,0.3354,-0.0444,-0.0177,0.4215,0.4408,,,0.3781,0.3753,0.3621,0.5022,0.007156,-0.06375,0.12955,-0.042918,,,,,,0,0,,,49.54,,,0.92,,,,,221.36,222.73,218.99,,1.0,47.0,12
2026-06-11,BKNG,30-45,,0.4114,0.4336,0.386,-0.0476,0.1566,0.5142,0.5527,,,0.2686,0.2548,0.3557,0.4978,0.009931,-0.070222,0.115059,-0.038325,,,,,,0,0,,,64.88,,,0.92,,,,,161.8,169.49,191.57,,0.0,48.0,15
2026-06-11,BSX,30-45,,0.37,0.3885,0.3515,-0.037,-0.1942,0.4404,0.4285,,,0.6854,0.5642,0.4865,0.5058,0.0393,-0.019805,0.041673,-0.00888,,,,,,0,0,,,20.33,,,0.85,,,,,51.98,57.02,83.16,,0.0,48.0,8
2026-06-11,BMY,30-45,,0.2925,0.2597,0.3188,0.0591,0.0145,0.3823,0.3314,,,0.3461,0.278,0.2721,0.5096,0.042055,-0.018318,0.046245,-0.006843,,,,,,0,0,,,42.55,,,0.7,,,,,57.0,57.84,52.57,,1.0,49.0,9
2026-06-11,AVGO,30-45,,0.5045,0.5432,0.4573,-0.0859,-0.1913,0.6142,0.5876,,,0.9242,0.6958,0.5283,0.4948,0.003007,-0.166075,0.243534,-0.021824,,,,,,0,0,,,45.0,,,1.24,,,,,425.86,404.2,356.3,,1.0,84.0,20
2026-06-11,BR,30-45,,0.3247,0.285,0.3644,0.0794,-0.0034,,,,,0.3567,0.3281,0.2997,0.4966,0.016222,-0.07227,0.132509,-0.064426,,,,,,0,0,,,50.92,,,0.6,,,,,150.11,154.42,199.87,,0.0,-42.0,4
2026-06-11,BRO,30-45,,0.3542,0.366,0.3424,-0.0236,0.0342,,,,,0.3211,0.32,0.3217,0.5,0.031508,-0.024592,0.044985,-0.016877,,,,,,0,0,,,54.13,,,0.88,,,,,57.15,61.04,75.56,,0.0,46.0,2
2026-06-11,BLDR,30-45,,0.5948,0.6058,0.5729,-0.0329,0.101,,,,,0.403,0.4938,0.5036,0.4678,0.01695,-0.050168,0.057845,-0.008023,,,,,,0,0,,,76.19,,,0.91,,,,,73.76,79.43,105.54,,0.0,49.0,3
2026-06-11,BG,30-45,,0.3427,0.3535,0.3318,-0.0217,0.0544,,,,,0.3457,0.2883,0.2864,0.5019,0.011797,-0.046443,0.076711,0.001617,,,,,,0,0,,,60.19,,,0.97,,,,,124.28,124.5,105.0,,1.0,48.0,2
2026-06-11,BXP,30-45,,0.3208,0.3008,0.3408,0.04,0.0596,,,,,0.3012,0.2612,0.2469,0.4955,0.027393,-0.02434,0.044093,-0.011127,,,,,,0,0,,,83.82,,,0.71,,,,,60.71,58.07,64.01,,0.0,47.0,4
2026-06-11,CHRW,30-45,,0.3788,0.387,0.3706,-0.0164,0.058,,,,,0.1945,0.3208,0.3926,0.5013,0.009673,-0.079722,0.135492,-0.007535,,,,,,0,0,,,74.2,,,0.62,,,,,176.26,174.6,160.61,,1.0,48.0,4
2026-06-11,CDNS,30-45,,0.5435,0.5965,0.4664,-0.1301,-0.0461,0.6298,0.6036,,,0.7703,0.5896,0.4823,0.5045,0.00387,-0.256687,0.338868,0.009879,,,,,,0,0,,,66.19,,,0.73,,,,,375.67,339.95,324.8,,1.0,46.0,27
2026-06-11,CPT,30-45,,0.2527,0.2193,0.2861,0.0668,0.0607,,,,,0.2187,0.192,0.2023,0.5021,0.020552,-0.040348,0.086238,-0.021033,,,,,,0,0,,,85.41,,,0.84,,,,,107.68,104.58,104.01,,1.0,49.0,2
2026-06-11,CPB,30-45,,0.43,0.3946,0.4478,0.0532,0.1969,0.5249,0.4785,,,0.2085,0.2331,0.2493,0.5031,0.076797,-0.012221,0.020005,-5.5e-05,,,,,,0,0,,,74.87,,,1.53,,,,,20.74,20.83,26.21,,0.0,90.0,9
2026-06-11,COF,30-45,,0.3744,0.3966,0.3466,-0.05,0.1068,0.4846,0.4929,,,0.2989,0.2676,0.2798,0.4915,0.009085,-0.06427,0.125306,-0.039175,,,,,,0,0,,,51.89,,,0.7,,,,,184.53,189.02,209.13,,0.0,40.0,9
2026-06-11,CAH,30-45,,0.2782,0.2926,0.2639,-0.0287,0.0245,0.405,0.3972,,,0.2811,0.2537,0.2664,0.5031,0.0091,-0.064854,0.14622,0.020752,,,,,,0,0,,,71.46,,,1.47,,,,,199.15,202.05,194.27,,1.0,-42.0,6
2026-06-11,CCL,30-45,,0.5834,0.5948,0.5719,-0.0229,0.1279,0.6805,0.6245,,,0.3557,0.4555,0.5451,0.5016,0.05248,-0.018567,0.023488,-0.003839,,,,,,0,0,,,73.88,,,0.95,,,,,26.55,26.65,28.2,,0.0,13.0,8
2026-06-11,CARR,30-45,,0.4408,0.4685,0.413,-0.0555,0.0579,0.4906,0.4752,,,0.3398,0.3829,0.4636,0.5038,0.028581,-0.0393,0.0674,-0.001055,,,,,,0,0,,,77.94,,,0.82,,,,,65.38,63.25,59.13,,1.0,47.0,16
2026-06-11,CVNA,30-45,,0.7461,0.7829,0.7032,-0.0797,0.1745,0.7963,0.7883,,,0.6043,0.5716,0.5561,0.4981,0.016953,-0.058568,0.061426,-0.008917,,,,,,0,0,,,61.6,,,0.62,,,,,68.17,71.89,73.77,,0.0,48.0,26
2026-06-11,CASY,30-45,,0.3957,0.4011,0.3903,-0.0108,0.12,,,,,0.2989,0.2757,0.2923,0.5009,0.001999,-0.42026,0.688795,0.10681,,,,,,0,0,,,23.11,,,3.13,,,,,804.27,794.04,637.24,,1.0,90.0,12
2026-06-11,CAT,30-45,,0.4394,0.4549,0.4222,-0.0327,0.0746,0.5046,0.5026,,,0.3993,0.3648,0.4051,0.5021,0.001709,-0.364558,0.638125,-0.05241,,,,,,0,0,,,61.8,,,1.31,,,,,895.36,847.27,652.19,,1.0,54.0,38
2026-06-11,CBOE,30-45,,0.3492,0.3475,0.351,0.0035,-0.2097,0.4641,0.4352,,,0.7198,0.5589,0.4315,0.4995,0.00566,-0.103967,0.221103,-0.075909,,,,,,0,0,,,21.09,,,0.82,,,,,329.48,317.32,272.3,,1.0,50.0,10
2026-06-11,CBRE,30-45,,0.3729,0.3936,0.3521,-0.0415,0.0111,,,,,0.3426,0.3618,0.2944,0.502,0.012297,-0.053403,0.09166,-0.030846,,,,,,0,0,,,65.62,,,0.42,,,,,130.23,138.9,151.84,,0.0,-49.0,2
2026-06-11,CDW,30-45,,0.4521,0.4662,0.424,-0.0422,-0.1381,,,,,0.772,0.5902,0.6371,0.4735,0.010498,-0.058055,0.083858,-0.02545,,,,,,0,0,,,75.87,,,0.48,,,,,118.72,123.42,136.11,,0.0,55.0,3
2026-06-11,COR,30-45,,0.2843,0.2943,0.2743,-0.02,0.0368,,,,,0.2243,0.2475,0.4592,0.4993,0.006829,-0.069903,0.163616,-0.045826,,,,,,0,0,,,64.66,,,0.43,,,,,267.03,290.49,324.23,,0.0,55.0,2
2026-06-11,CNC,30-45,,0.4681,0.466,0.4701,0.0041,0.0683,0.5234,0.5032,,,0.4195,0.3998,0.4758,0.4998,0.027326,-0.038568,0.063207,0.00389,,,,,,0,0,,,68.27,,,1.22,,,,,60.04,50.16,40.92,,1.0,47.0,16
2026-06-11,CNP,30-45,,0.2205,0.2235,0.2174,-0.0061,0.0096,,,,,0.241,0.2109,0.1928,0.5003,0.076412,-0.012424,0.034268,-0.001448,,,,,,0,0,,,50.96,,,0.7,,,,,42.13,42.5,40.05,,1.0,42.0,2
2026-06-11,CF,30-45,,0.4873,0.43,0.5357,0.1057,0.0988,0.5279,0.5299,,,0.3547,0.3885,0.5308,0.5015,0.016091,-0.07302,0.114821,-0.032536,,,,,,0,0,,,17.82,,,0.92,,,,,118.38,121.24,97.51,,1.0,55.0,24
2026-06-11,CRL,30-45,,0.5173,0.5235,0.5111,-0.0124,-0.0328,,,,,0.6139,0.5501,0.5108,0.5008,0.007631,-0.107405,0.143536,-0.032164,,,,,,0,0,,,77.01,,,0.64,,,,,169.15,172.65,177.28,,0.0,55.0,6
2026-06-11,SCHW,30-45,,0.3129,0.334,0.2917,-0.0423,0.0394,0.3325,0.3651,,,0.311,0.2735,0.289,0.502,0.026278,-0.032949,0.077305,-0.007056,,,,,,0,0,,,40.67,,,0.94,,,,,88.98,91.01,94.33,,0.0,35.0,12
2026-06-11,CHTR,30-45,,0.5973,0.6028,0.5917,-0.0111,0.1355,0.6009,0.6789,,,0.504,0.4618,0.7597,0.5005,0.008858,-0.084022,0.111748,-0.040458,,,,,,0,0,,,40.9,,,0.88,,,,,140.89,176.66,215.88,,0.0,43.0,14
2026-06-11,CVX,30-45,,0.2948,0.2636,0.326,0.0624,0.0427,0.4646,0.402,,,0.1739,0.2521,0.264,0.4989,0.011294,-0.068841,0.155284,-0.062838,,,,,,0,0,,,33.05,,,0.81,,,,,187.96,188.03,168.21,,1.0,50.0,8
2026-06-11,CMG,30-45,,0.3918,0.4011,0.3826,-0.0185,0.0327,0.4813,0.4521,,,0.4196,0.3591,0.3438,0.4996,0.049705,-0.011778,0.02211,-0.004231,,,,,,0,0,,,29.32,,,0.67,,,,,31.41,32.81,36.16,,0.0,48.0,6
2026-06-11,CB,30-45,,0.2202,0.2077,0.2326,0.0249,0.0012,,,,,0.2587,0.219,0.1769,0.4982,0.008924,-0.090093,0.247704,-0.071693,,,,,,0,0,,,44.82,,,0.81,,,,,321.26,324.61,306.18,,1.0,47.0,4
2026-06-11,CHD,30-45,,0.239,0.2357,0.2423,0.0066,-0.0276,,,,,0.306,0.2666,0.2351,0.4988,0.023813,-0.028293,0.06792,-0.024947,,,,,,0,0,,,53.78,,,0.63,,,,,95.75,94.78,91.27,,1.0,50.0,2
2026-06-11,CIEN,30-45,,0.8879,0.9724,0.777,-0.1954,0.0166,0.912,0.8996,,,1.0241,0.8713,0.8498,0.5001,0.002347,-0.457811,0.414166,-0.043943,,,,,,0,0,,,35.96,,,1.26,,,,,557.78,522.51,298.91,,1.0,-7.0,37
2026-06-11,CI,30-45,,0.2916,0.2875,0.2957,0.0082,-0.0426,0.369,0.3541,,,0.3303,0.3342,0.2834,0.4997,0.006958,-0.083996,0.21593,-0.052801,,,,,,0,0,,,54.19,,,0.9,,,,,283.5,279.74,278.4,,1.0,49.0,8
2026-06-11,CINF,30-45,,0.2215,0.1854,0.2395,0.0541,0.0175,,,,,0.2783,0.204,0.1975,0.5302,0.016011,-0.047939,0.116804,-0.034871,,,,,,0,0,,,42.11,,,0.82,,,,,163.57,163.1,160.39,,1.0,46.0,3
2026-06-11,CTAS,30-45,,0.335,0.3416,0.3283,-0.0133,0.0549,0.4187,0.4237,,,0.3246,0.2801,0.2607,0.5005,0.010334,-0.062851,0.132423,-0.011581,,,,,,0,0,,,62.09,,,1.1,,,,,172.62,172.53,186.87,,0.0,-78.0,8
2026-06-11,CSCO,30-45,,0.3949,0.3956,0.3941,-0.0015,-0.213,0.4396,0.4415,,,0.529,0.6079,0.4166,0.4996,0.014156,-0.04707,0.094169,-0.022463,,,,,,0,0,,,56.14,,,0.62,,,,,119.57,99.84,80.37,,1.0,62.0,18
2026-06-11,C,30-45,,0.3611,0.3704,0.3507,-0.0197,0.0807,0.3796,0.3988,,,0.2906,0.2804,0.288,0.4961,0.014951,-0.053974,0.113729,0.001517,,,,,,0,0,,,76.93,,,1.44,,,,,127.29,126.23,110.95,,1.0,33.0,19
2026-06-11,CFG,30-45,,0.3227,0.4098,0.2357,-0.1741,0.069,,,,,0.3055,0.2537,0.2401,0.5208,0.035185,-0.042235,0.057615,0.01079,,,,,,0,0,,,68.48,,,1.04,,,,,62.49,63.13,57.56,,1.0,35.0,2
2026-06-11,CLX,30-45,,0.3301,0.3356,0.3247,-0.0109,-0.045,,,,,0.4929,0.3751,0.393,0.5006,0.014197,-0.029791,0.054133,-0.020618,,,,,,0,0,,,62.18,,,0.66,,,,,93.04,95.78,106.77,,0.0,49.0,2
2026-06-11,CME,30-45,,0.2892,0.2925,0.2859,-0.0066,-0.0803,0.4139,0.3882,,,0.3739,0.3695,0.2648,0.5006,0.006688,-0.075017,0.174457,-0.07151,,,,,,0,0,,,19.19,,,0.85,,,,,275.84,284.67,275.68,,1.0,41.0,10
2026-06-11,CMS,30-45,,0.1981,,0.1981,,-0.0447,,,,,0.3006,0.2428,0.2062,0.5969,0.025427,-0.014445,0.039145,-0.036755,,,,,,0,0,,,47.48,,,0.93,,,,,72.47,74.66,72.57,,1.0,-44.0,1
2026-06-11,KO,30-45,,0.2082,0.1596,0.2373,0.0777,-0.0122,0.2698,0.2258,,,0.2926,0.2204,0.1918,0.4934,0.044573,-0.026053,0.080488,-0.018037,,,,,,0,0,,,47.81,,,1.27,,,,,80.18,78.28,72.75,,1.0,40.0,8
2026-06-11,CTSH,30-45,,0.4886,0.4984,0.4788,-0.0196,0.0103,,,,,0.3682,0.4783,0.3802,0.5012,0.028689,-0.02977,0.039719,-0.003811,,,,,,0,0,,,58.32,,,0.74,,,,,52.09,54.75,67.58,,0.0,48.0,2
2026-06-11,COHR,30-45,,0.9954,1.062,0.9164,-0.1456,-0.0089,1.0114,0.9863,,,1.2951,1.0043,0.886,0.5018,0.002604,-0.417394,0.347387,-0.092413,,,,,,0,0,,,50.47,,,0.95,,,,,383.45,341.38,214.36,,1.0,-36.0,35
2026-06-11,COIN,30-45,,0.7358,0.7824,0.6825,-0.0999,0.0626,0.7716,0.789,,,0.7739,0.6732,0.6829,0.5,0.00675,-0.123429,0.129378,-0.025379,,,,,,0,0,,,29.86,,,0.66,,,,,181.11,187.0,242.83,,0.0,49.0,15
2026-06-11,CL,30-45,,0.2843,0.2291,0.3158,0.0867,0.0008,0.3186,0.2732,,,0.3832,0.2835,0.2481,0.5016,0.034175,-0.030249,0.084532,-0.006942,,,,,,0,0,,,43.8,,,0.76,,,,,88.85,86.4,83.42,,1.0,50.0,11
2026-06-11,CMCSA,30-45,,0.3805,0.3133,0.431,0.1177,0.1429,0.5598,0.4953,,,0.3142,0.2376,0.4026,0.5049,0.073319,-0.0127,0.020513,-0.007989,,,,,,0,0,,,36.15,,,0.67,,,,,24.65,26.55,27.73,,0.0,49.0,7
2026-06-11,FIX,30-45,,0.6931,0.7406,0.6404,-0.1002,0.2755,,,,,0.4268,0.4176,0.5195,0.5012,0.000637,-1.222795,1.255593,-0.124918,,,,,,0,0,,,50.66,,,1.21,,,,,1876.03,1773.92,1213.76,,1.0,42.0,19
2026-06-11,CAG,30-45,,0.4026,0.393,0.4074,0.0144,0.1182,0.5161,0.4515,,,0.2433,0.2844,0.284,0.5299,0.130265,-0.005902,0.0113,-0.004167,,,,,,0,0,,,35.64,,,0.86,,,,,13.33,13.97,16.35,,0.0,34.0,3
2026-06-11,COP,30-45,,0.3513,0.3249,0.3753,0.0504,0.0874,0.3757,0.3708,,,0.221,0.2639,0.3162,0.5014,0.018517,-0.052139,0.113043,-0.019306,,,,,,0,0,,,31.36,,,1.35,,,,,118.74,120.67,103.25,,1.0,56.0,21
2026-06-11,ED,30-45,,0.2128,,0.2128,,0.0064,,,,,0.2292,0.2064,0.1791,0.5962,0.019485,-0.024485,0.059777,-0.024965,,,,,,0,0,,,44.87,,,0.6,,,,,106.06,108.2,102.62,,1.0,56.0,1
2026-06-11,STZ,30-45,,0.3961,0.4375,0.3409,-0.0966,0.1225,0.531,0.4924,,,0.2608,0.2736,0.3108,0.4964,0.012926,-0.07076,0.116925,0.011018,,,,,,0,0,,,38.54,,,1.26,,,,,142.6,149.83,144.83,,1.0,19.0,7
2026-06-11,CEG,30-45,,0.5061,0.524,0.4882,-0.0358,-0.0483,0.5635,0.5675,,,0.4718,0.5544,0.5365,0.5024,0.005041,-0.114095,0.175759,-0.062814,,,,,,0,0,,,45.88,,,0.95,,,,,273.26,286.87,320.32,,0.0,60.0,12
2026-06-11,COO,30-45,,0.3363,0.3273,0.3453,0.018,-0.0267,,,,,0.4835,0.363,0.2953,0.4965,0.02774,-0.02518,0.047593,-0.0072,,,,,,0,0,,,72.68,,,0.84,,,,,62.05,64.7,72.78,,0.0,84.0,2
2026-06-11,CPRT,30-45,,0.496,,,,0.1831,,,,,0.3013,0.3129,0.2305,,0.054231,-0.010663,0.019838,-0.00955,,,,,,0,0,,,37.95,,,1.02,,,,,32.38,32.96,38.97,,0.0,-21.0,16
2026-06-11,GLW,30-45,,0.8122,0.8918,0.7261,-0.1657,-0.0686,0.8251,0.8239,,,1.0324,0.8808,0.7999,0.4923,0.006538,-0.163877,0.159866,-0.021822,,,,,,0,0,,,49.27,,,0.79,,,,,188.96,175.02,116.53,,1.0,47.0,25
2026-06-11,CPAY,30-45,,0.3829,0.4108,0.3549,-0.0559,0.0599,,,,,0.2875,0.323,0.3908,0.5052,0.005258,-0.147369,0.256669,-0.048411,,,,,,0,0,,,61.41,,,0.86,,,,,348.96,327.7,311.19,,1.0,55.0,4
2026-06-11,CTVA,30-45,,0.2968,0.304,0.2896,-0.0144,0.1241,,,,,0.1854,0.1727,0.2192,0.5008,0.021395,-0.02587,0.044935,-0.026335,,,,,,0,0,,,28.39,,,0.87,,,,,78.97,80.61,72.36,,1.0,49.0,2
2026-06-11,CSGP,30-45,,0.5472,0.6281,0.4662,-0.1619,0.2324,,,,,0.2934,0.3148,0.3651,0.518,0.04205,-0.026363,0.028725,0.003312,,,,,,0,0,,,51.14,,,0.71,,,,,33.19,35.57,58.71,,0.0,40.0,2
2026-06-11,COST,30-45,,0.2392,0.244,0.2337,-0.0103,-0.0338,0.3475,0.3278,,,0.2342,0.273,0.2085,0.5003,0.002233,-0.234128,0.647458,-0.002763,,,,,,0,0,,,16.11,,,0.67,,,,,1008.14,1005.46,954.71,,1.0,-14.0,30
2026-06-11,CRH,30-45,,0.406,0.4268,0.3826,-0.0442,0.0476,0.4306,0.4283,,,0.3426,0.3584,0.3583,0.4966,0.01976,-0.04749,0.09361,-0.022911,,,,,,0,0,,,61.12,,,0.63,,,,,104.4,109.86,115.01,,0.0,49.0,17
2026-06-11,CRWD,30-45,,0.5316,0.5773,0.4773,-0.1,-0.0911,0.623,0.6098,,,0.8029,0.6227,0.564,0.4983,0.001926,-0.356935,0.493684,-0.011211,,,,,,0,0,,,53.91,,,0.65,,,,,665.56,529.52,480.69,,1.0,82.0,35
2026-06-11,CCI,30-45,,0.3078,0.2566,0.359,0.1024,-0.0195,,,,,0.3573,0.3273,0.312,0.4967,0.024204,-0.042418,0.076171,-0.023461,,,,,,0,0,,,50.75,,,1.04,,,,,90.96,88.55,88.61,,0.0,41.0,4
2026-06-11,CSX,30-45,,0.2961,0.2672,0.325,0.0578,0.0838,0.4238,0.3933,,,0.2088,0.2123,0.2427,0.4939,0.049285,-0.017857,0.040789,-0.00155,,,,,,0,0,,,60.56,,,0.74,,,,,46.05,44.47,38.38,,1.0,-50.0,8
2026-06-11,CMI,30-45,,0.4153,0.4332,0.3973,-0.0359,0.0013,,,,,0.4123,0.414,0.405,0.5019,0.002585,-0.264855,0.437174,-0.051786,,,,,,0,0,,,53.03,,,1.1,,,,,669.2,645.25,530.67,,1.0,54.0,8
2026-06-11,CVS,30-45,,0.3179,0.3022,0.3316,0.0294,0.029,0.3214,0.3402,,,0.2684,0.2889,0.3378,0.5049,0.024072,-0.035938,0.085629,0.004074,,,,,,0,0,,,58.55,,,1.1,,,,,93.91,85.21,78.28,,1.0,49.0,15
2026-06-11,DHR,30-45,,0.3518,0.3633,0.3403,-0.023,0.0531,0.4333,0.4048,,,0.3764,0.2987,0.2989,0.5017,0.010008,-0.062406,0.134832,-0.022808,,,,,,0,0,,,74.64,,,0.57,,,,,175.05,180.94,204.6,,0.0,40.0,8
2026-06-11,DRI,30-45,,0.3842,0.38,0.3884,0.0084,0.1168,,,,,0.2629,0.2674,0.2701,0.4995,0.007689,-0.085576,0.137258,-0.00265,,,,,,0,0,,,59.77,,,0.91,,,,,198.62,197.24,193.58,,1.0,-84.0,4
2026-06-11,DDOG,30-45,,0.6499,0.7039,0.587,-0.1169,-0.0259,0.7014,0.687,,,0.9352,0.6758,0.7951,0.5006,0.004953,-0.155501,0.186812,-0.020817,,,,,,0,0,,,55.0,,,0.57,,,,,228.65,171.51,148.15,,1.0,56.0,26
2026-06-11,DVA,30-45,,0.3548,0.3577,0.352,-0.0057,0.0503,,,,,0.3161,0.3045,0.5057,0.5,0.008044,-0.073564,0.125021,0.001351,,,,,,0,0,,,55.06,,,0.59,,,,,195.15,172.75,139.91,,1.0,55.0,4
2026-06-11,DECK,30-45,,0.4748,0.4768,0.4727,-0.0041,0.1052,0.4225,0.5054,,,0.3132,0.3696,0.4131,0.4959,0.015885,-0.06465,0.108305,-0.010014,,,,,,0,0,,,76.87,,,0.5,,,,,105.32,104.68,103.32,,1.0,42.0,23
2026-06-11,DE,30-45,,0.3186,0.3304,0.3054,-0.025,-0.0329,0.4193,0.4004,,,0.3632,0.3515,0.3335,0.4959,0.003455,-0.173128,0.410038,-0.046541,,,,,,0,0,,,58.15,,,0.71,,,,,559.81,574.17,522.29,,1.0,70.0,19
2026-06-11,DELL,30-45,,0.8006,0.884,0.698,-0.186,-0.4924,0.8486,0.8308,,,1.6731,1.293,0.9112,0.5026,0.002823,-0.338525,0.331127,-0.02502,,,,,,0,0,,,72.23,,,0.69,,,,,329.88,252.13,163.55,,1.0,84.0,29
2026-06-11,DAL,30-45,,0.4967,0.5292,0.4605,-0.0687,0.0574,0.5332,0.5115,,,0.3056,0.4393,0.4132,0.5,0.02362,-0.04866,0.077402,-0.008174,,,,,,0,0,,,78.62,,,0.94,,,,,76.91,72.07,65.68,,1.0,28.0,19
2026-06-11,DVN,30-45,,0.4169,0.3419,0.4768,0.1349,0.0546,0.4912,0.4631,,,0.3473,0.3623,0.38,0.5026,0.035849,-0.042562,0.045081,-0.012374,,,,,,0,0,,,26.27,,,1.21,,,,,46.42,47.33,40.13,,1.0,54.0,9
2026-06-11,DXCM,30-45,,0.4538,0.479,0.4201,-0.0589,-0.0167,0.468,0.5057,,,0.3664,0.4705,0.4033,0.5041,0.024488,-0.043212,0.073819,0.001851,,,,,,0,0,,,78.85,,,0.62,,,,,70.27,65.17,67.54,,0.0,48.0,14
2026-06-11,FANG,30-45,,0.3939,0.3491,0.4163,0.0672,0.0086,,,,,0.5031,0.3853,0.3588,0.4659,0.009366,-0.096397,0.157066,-0.044516,,,,,,0,0,,,39.67,,,1.12,,,,,199.83,195.66,163.79,,1.0,53.0,3
2026-06-11,DLR,30-45,,0.3003,0.2939,0.3066,0.0127,0.0457,0.4552,0.4399,,,0.2881,0.2546,0.234,0.4987,0.010639,-0.063804,0.135805,-0.052552,,,,,,0,0,,,48.36,,,0.83,,,,,189.03,192.18,172.38,,1.0,42.0,8
2026-06-11,DG,30-45,,0.4051,0.374,0.4331,0.0591,0.0346,0.4447,0.4209,,,0.3917,0.3705,0.3837,0.5021,0.017424,-0.052207,0.100569,-0.019058,,,,,,0,0,,,62.21,,,0.65,,,,,105.65,113.38,120.06,,0.0,77.0,19
2026-06-11,DLTR,30-45,,0.4563,0.4487,0.464,0.0153,-0.2345,0.5072,0.494,,,0.9307,0.6908,0.5308,0.4987,0.016018,-0.061226,0.105669,-0.018673,,,,,,0,0,,,71.85,,,0.56,,,,,101.19,100.85,109.31,,0.0,-14.0,22
2026-06-11,D,30-45,,0.2293,0.2329,0.2257,-0.0072,-0.1666,,,,,0.2972,0.3959,0.2793,0.5009,0.037204,-0.017578,0.043943,-0.005,,,,,,0,0,,,44.62,,,0.47,,,,,65.79,63.48,60.32,,1.0,49.0,2
2026-06-11,DPZ,30-45,,0.3521,0.3442,0.36,0.0158,0.1668,,,,,0.1757,0.1853,0.3229,0.4994,0.005569,-0.1182,0.218359,-0.12721,,,,,,0,0,,,57.12,,,0.73,,,,,310.96,336.88,392.3,,0.0,39.0,4
2026-06-11,DASH,30-45,,0.5433,0.539,0.5475,0.0085,0.06,0.587,0.5902,,,0.4556,0.4833,0.4771,0.4989,0.008773,-0.085651,0.123156,-0.034812,,,,,,0,0,,,50.95,,,0.66,,,,,157.29,163.54,205.14,,0.0,-36.0,12
2026-06-11,DOV,30-45,,0.2974,0.3121,0.2826,-0.0295,0.0785,,,,,0.1987,0.2189,0.2641,0.5061,0.007959,-0.063897,0.127762,-0.030897,,,,,,0,0,,,69.85,,,0.87,,,,,212.21,215.83,198.13,,1.0,42.0,2
2026-06-11,DOW,30-45,,0.4821,0.4694,0.4949,0.0255,0.2015,0.538,0.5068,,,0.3178,0.2806,0.4599,0.4983,0.046918,-0.01872,0.031009,-0.006515,,,,,,0,0,,,26.08,,,1.01,,,,,35.58,37.54,28.78,,1.0,42.0,8
2026-06-11,DHI,30-45,,0.4276,0.4317,0.4236,-0.0081,0.0968,0.4441,0.4663,,,0.2953,0.3308,0.3596,0.5004,0.012423,-0.070858,0.132326,-0.011025,,,,,,0,0,,,77.02,,,0.78,,,,,143.76,146.18,152.25,,0.0,40.0,20
2026-06-11,DTE,30-45,,0.2147,0.1884,0.2411,0.0527,-0.008,,,,,0.254,0.2227,0.2083,0.5062,0.017688,-0.047127,0.107023,-0.02325,,,,,,0,0,,,56.14,,,0.59,,,,,143.15,145.16,138.37,,1.0,49.0,2
2026-06-11,DUK,30-45,,0.2077,0.2074,0.208,0.0006,0.0117,,,,,0.2258,0.196,0.1708,0.5,0.017443,-0.0271,0.069518,-0.024239,,,,,,0,0,,,47.89,,,0.72,,,,,123.12,125.67,122.11,,1.0,54.0,2
2026-06-11,DD,30-45,,0.3541,0.3479,0.3603,0.0124,0.0508,,,,,0.2742,0.3033,0.3539,0.5,0.044128,-0.023711,0.035983,0.002806,,,,,,0,0,,,52.61,,,0.87,,,,,48.13,47.32,41.51,,1.0,54.0,2
2026-06-11,ETN,30-45,,0.4447,0.4641,0.4228,-0.0413,0.0348,0.5094,0.496,,,0.3955,0.4099,0.395,0.497,0.003835,-0.161858,0.280575,-0.058569,,,,,,0,0,,,65.57,,,1.38,,,,,399.53,400.43,365.2,,1.0,54.0,17
2026-06-11,EBAY,30-45,,0.3613,0.3772,0.3453,-0.0319,0.0579,0.3658,0.3714,,,0.2776,0.3034,0.3294,0.5024,0.021419,-0.045546,0.102129,-0.009254,,,,,,0,0,,,37.96,,,0.82,,,,,112.11,105.58,92.42,,1.0,48.0,16
2026-06-11,SATS,30-45,,0.8899,0.9102,0.8687,-0.0415,0.3087,0.9549,0.9033,,,0.5779,0.5812,0.5774,0.5004,0.009465,-0.136727,0.125142,-0.023168,,,,,,0,0,,,32.35,,,1.1,,,,,127.63,125.94,100.79,,1.0,49.0,43
2026-06-11,ECL,30-45,,0.2819,0.2611,0.3027,0.0416,0.0539,,,,,0.2995,0.228,0.2507,0.496,0.0086,-0.094912,0.19225,-0.113515,,,,,,0,0,,,69.53,,,0.73,,,,,253.83,261.06,269.77,,0.0,47.0,2
2026-06-11,EIX,30-45,,0.3188,0.2753,0.3623,0.087,0.0527,,,,,0.2953,0.2661,0.2392,0.4915,0.029136,-0.027389,0.052414,-0.000564,,,,,,0,0,,,52.28,,,0.48,,,,,70.64,70.78,62.34,,1.0,-44.0,2
2026-06-11,EW,30-45,,0.3305,0.3155,0.3456,0.0301,0.0931,,,,,0.2334,0.2374,0.2769,0.4982,0.026069,-0.036286,0.068972,-0.002821,,,,,,0,0,,,66.75,,,0.65,,,,,85.04,82.52,81.78,,1.0,42.0,4
2026-06-11,EA,30-45,,0.0875,0.0917,0.0853,-0.0064,0.0515,0.4117,0.3509,,,0.0383,0.036,0.0399,0.526,0.013523,-0.033748,0.112611,-0.094291,,,,,,0,0,,,58.44,,,0.81,,,,,201.6,202.07,197.95,,1.0,47.0,3
2026-06-11,ELV,30-45,,0.3491,0.3477,0.3505,0.0028,0.0542,,,,,0.318,0.2949,0.2738,0.5,0.004684,-0.157876,0.293253,-0.044513,,,,,,0,0,,,62.59,,,1.08,,,,,399.05,362.6,336.29,,1.0,35.0,6
2026-06-11,EME,30-45,,0.4474,0.4793,0.4093,-0.07,0.2003,,,,,0.2454,0.2471,0.3612,0.4953,0.002019,-0.381499,0.561998,-0.023167,,,,,,0,0,,,38.62,,,0.99,,,,,855.43,848.38,718.35,,1.0,49.0,11
2026-06-11,EMR,30-45,,0.3384,0.3497,0.3272,-0.0225,0.0709,0.3923,0.3727,,,0.2519,0.2675,0.3461,0.5018,0.01654,-0.053069,0.123255,-0.015869,,,,,,0,0,,,70.44,,,0.9,,,,,138.27,139.05,136.71,,1.0,55.0,20
2026-06-11,ETR,30-45,,0.2483,0.2552,0.2414,-0.0138,-0.009,,,,,0.3105,0.2573,0.2736,0.4993,0.018046,-0.027204,0.064804,-0.031438,,,,,,0,0,,,47.69,,,0.8,,,,,110.11,112.41,99.2,,1.0,49.0,2
2026-06-11,EOG,30-45,,0.3472,0.3449,0.3495,0.0046,0.063,0.3859,0.3836,,,0.2753,0.2842,0.2994,0.4997,0.015119,-0.054755,0.123441,-0.016876,,,,,,0,0,,,38.75,,,1.03,,,,,138.56,136.89,118.89,,1.0,-37.0,22
2026-06-11,EQT,30-45,,0.3387,0.3456,0.3318,-0.0138,0.0595,0.3599,0.3411,,,0.194,0.2792,0.2782,0.5007,0.041564,-0.01716,0.043245,-0.016874,,,,,,0,0,,,14.6,,,0.79,,,,,55.8,57.43,56.34,,1.0,40.0,10
2026-06-11,EFX,30-45,,0.4698,0.5366,0.3696,-0.167,0.1245,,,,,0.3453,0.3453,0.3597,0.4893,0.011904,-0.118346,0.153386,0.018996,,,,,,0,0,,,61.75,,,1.0,,,,,165.5,173.55,204.91,,0.0,40.0,5
2026-06-11,EQIX,30-45,,0.2826,0.284,0.2812,-0.0028,0.1053,,,,,0.182,0.1773,0.1737,0.5002,0.00189,-0.288455,0.646335,-0.218179,,,,,,0,0,,,56.22,,,1.09,,,,,1068.53,1062.33,876.39,,1.0,48.0,8
2026-06-11,EQR,30-45,,0.2124,0.1619,0.2629,0.101,0.0318,,,,,0.1806,0.1806,0.2027,0.5046,0.04946,-0.02238,0.056793,-0.010627,,,,,,0,0,,,64.13,,,1.06,,,,,66.21,64.14,61.72,,1.0,-44.0,2
2026-06-11,ERIE,30-45,,0.3764,0.3507,0.4022,0.0515,0.0336,,,,,0.4226,0.3428,0.3618,0.4961,0.007203,-0.090869,0.156931,-0.030045,,,,,,0,0,,,55.52,,,0.85,,,,,218.7,230.09,274.67,,0.0,56.0,4
2026-06-11,ESS,30-45,,0.2106,0.1789,0.2423,0.0634,0.0462,,,,,0.1843,0.1644,0.1929,0.4844,0.009362,-0.0933,0.215071,-0.079514,,,,,,0,0,,,69.79,,,0.61,,,,,276.33,264.15,255.63,,1.0,47.0,2
2026-06-11,EL,30-45,,0.4854,0.5036,0.4646,-0.039,-0.085,0.5362,0.5371,,,0.4188,0.5704,0.5228,0.4961,0.019531,-0.051511,0.082019,-0.0079,,,,,,0,0,,,66.88,,,1.03,,,,,83.56,79.34,92.64,,0.0,-41.0,15
2026-06-11,EG,30-45,,0.2376,0.219,0.2562,0.0372,-0.024,,,,,0.3519,0.2616,0.2263,0.496,0.007482,-0.107754,0.248846,-0.115257,,,,,,0,0,,,30.33,,,0.59,,,,,340.07,341.82,332.84,,1.0,48.0,2
2026-06-11,EVRG,30-45,,0.2208,0.224,0.2175,-0.0065,0.0139,,,,,0.2157,0.2069,0.1872,0.4996,0.033717,-0.025917,0.061622,-0.018022,,,,,,0,0,,,49.95,,,0.75,,,,,82.19,81.76,76.66,,1.0,56.0,2
2026-06-11,ES,30-45,,0.2379,0.2302,0.2456,0.0154,-0.0437,,,,,0.3351,0.2816,0.2525,0.4981,0.030833,-0.022467,0.04606,-0.015727,,,,,,0,0,,,52.3,,,0.95,,,,,68.7,68.32,67.83,,1.0,49.0,2
2026-06-11,EXC,30-45,,0.221,0.219,0.2231,0.0041,-0.0046,,,,,0.2275,0.2256,0.2102,0.4995,0.069725,-0.013118,0.035725,-0.002375,,,,,,0,0,,,58.62,,,0.72,,,,,44.71,45.89,45.03,,1.0,49.0,2
2026-06-11,EXE,30-45,,0.3155,0.3011,0.3298,0.0287,0.0572,,,,,0.2262,0.2583,0.2664,0.4977,0.02127,-0.030485,0.061325,-0.05183,,,,,,0,0,,,18.74,,,0.93,,,,,94.49,96.8,103.54,,0.0,47.0,2
2026-06-11,EXPE,30-45,,0.4706,0.4961,0.4387,-0.0574,0.2513,0.5384,0.5207,,,0.1862,0.2193,0.4049,0.4932,0.006182,-0.09953,0.159828,-0.027486,,,,,,0,0,,,71.26,,,1.16,,,,,222.33,235.24,239.19,,0.0,56.0,9
2026-06-11,EXPD,30-45,,0.2936,0.2856,0.3016,0.016,0.121,,,,,0.2002,0.1726,0.287,0.4997,0.014396,-0.058081,0.127404,-0.022989,,,,,,0,0,,,70.47,,,1.12,,,,,158.41,151.43,142.08,,1.0,54.0,2
2026-06-11,EXR,30-45,,0.255,0.23,0.2801,0.0501,0.0106,,,,,0.2378,0.2444,0.2396,0.4989,0.016167,-0.052889,0.111426,-0.029111,,,,,,0,0,,,68.12,,,0.98,,,,,143.11,141.44,137.96,,1.0,-44.0,2
2026-06-11,XOM,30-45,,0.3346,0.3019,0.3673,0.0654,0.0278,0.4902,0.4459,,,0.2493,0.3068,0.3105,0.4991,0.011979,-0.057306,0.115579,-0.05603,,,,,,0,0,,,28.58,,,0.7,,,,,152.3,152.01,131.98,,1.0,50.0,8
2026-06-11,FFIV,30-45,,0.4095,0.4121,0.407,-0.0051,0.0949,,,,,0.3511,0.3146,0.3479,0.5002,0.004624,-0.179898,0.300745,-0.03096,,,,,,0,0,,,57.28,,,0.65,,,,,387.55,343.12,296.58,,1.0,48.0,4
2026-06-11,FDS,30-45,,0.6,0.6415,0.5586,-0.0829,-0.0101,,,,,0.6607,0.6101,0.4963,0.5046,0.005161,-0.183358,0.196242,0.008426,,,,,,0,0,,,65.51,,,0.67,,,,,234.93,228.65,259.17,,0.0,20.0,6
2026-06-11,FICO,30-45,,0.5883,0.6234,0.5393,-0.0841,0.0872,,,,,0.5684,0.5011,0.6016,0.5047,0.000868,-0.690859,0.785455,-0.145922,,,,,,0,0,,,54.54,,,0.63,,,,,1202.07,1108.43,1440.06,,0.0,-44.0,12
2026-06-11,FAST,30-45,,0.3196,0.3295,0.3098,-0.0197,0.1053,,,,,0.2637,0.2143,0.2831,0.5038,0.046525,-0.016325,0.033569,-0.002325,,,,,,0,0,,,70.64,,,0.93,,,,,44.72,45.03,44.12,,1.0,32.0,2
2026-06-11,FRT,30-45,,0.1965,0.1781,0.2149,0.0368,0.0411,,,,,0.155,0.1554,0.1763,0.4942,0.022724,-0.041888,0.096076,-0.051165,,,,,,0,0,,,81.75,,,0.94,,,,,118.66,114.03,102.9,,1.0,-41.0,2
2026-06-11,FDX,30-45,,0.7454,0.9647,0.3693,-0.5954,0.482,1.1249,0.457,,,0.2587,0.2634,0.3445,0.5026,0.005535,-0.25031,0.263683,-0.039834,,,,,,0,0,,,74.74,,,0.62,,,,,320.0,310.3,251.9,,1.0,12.0,19
2026-06-11,FDXF,30-45,,0.4564,0.4846,0.4142,-0.0704,,,,,,,,,0.5235,0.011172,-0.112238,0.159038,0.018793,,,,,,0,0,,,,,,,,,,,,,,,,14.0,5
2026-06-11,FIS,30-45,,0.3982,0.3352,0.4455,0.1103,0.0684,0.5493,0.4883,,,0.3442,0.3298,0.3742,0.5045,0.051885,-0.021337,0.038524,-0.01523,,,,,,0,0,,,33.49,,,0.78,,,,,42.18,44.69,56.7,,0.0,54.0,7
2026-06-11,FITB,30-45,,1.8849,,,,1.5934,,,,,0.3464,0.2915,0.2595,,0.027818,-0.059418,0.033648,0.00357,,,,,,0,0,,,76.59,,,1.15,,,,,49.56,49.53,46.63,,1.0,36.0,33
2026-06-11,FSLR,30-45,,0.764,0.7875,0.7378,-0.0497,0.0034,0.8033,0.7851,,,0.9102,0.7606,0.5593,0.4983,0.003847,-0.192616,0.204486,-0.060542,,,,,,0,0,,,62.64,,,0.86,,,,,269.32,228.1,231.14,,0.0,49.0,19
2026-06-11,FE,30-45,,0.2237,0.2319,0.2155,-0.0164,0.0402,,,,,0.185,0.1835,0.1828,0.5015,0.071504,-0.014492,0.038833,-0.004067,,,,,,0,0,,,57.53,,,0.49,,,,,45.53,47.34,46.04,,1.0,-44.0,4
2026-06-11,FISV,30-45,,0.4485,0.4624,0.4346,-0.0278,0.0213,0.4449,0.4769,,,0.4639,0.4272,0.3831,0.5027,0.032765,-0.027329,0.049414,-0.012317,,,,,,0,0,,,44.18,,,0.46,,,,,55.52,57.73,77.69,,0.0,41.0,10
2026-06-11,F,30-45,,0.437,0.4407,0.4324,-0.0083,-0.3315,0.5987,0.5496,,,0.5543,0.7685,0.5093,0.4896,0.103219,-0.007279,0.011494,-0.003319,,,,,,0,0,,,63.37,,,0.56,,,,,14.91,13.15,12.66,,1.0,48.0,9
2026-06-11,FTNT,30-45,,0.4767,0.5221,0.4244,-0.0977,0.0035,0.5289,0.4961,,,0.6125,0.4732,0.5479,0.4987,0.013564,-0.083911,0.137085,-0.007524,,,,,,0,0,,,60.5,,,0.97,,,,,134.61,105.75,87.6,,1.0,55.0,28
2026-06-11,FTV,30-45,,0.2861,0.2879,0.2843,-0.0036,0.086,,,,,0.2268,0.2001,0.2304,0.5,0.035755,-0.021436,0.042036,-0.004236,,,,,,0,0,,,74.84,,,0.72,,,,,59.75,59.71,54.55,,1.0,48.0,2
2026-06-11,FOXA,30-45,,0.3246,0.238,0.4112,0.1732,0.0295,,,,,0.3528,0.2951,0.2827,0.4914,0.029642,-0.045867,0.0648,-0.037858,,,,,,0,0,,,63.42,,,0.96,,,,,65.5,63.82,63.63,,1.0,55.0,2
2026-06-11,FOX,30-45,,0.3419,0.3419,,,0.0373,,,,,0.3574,0.3046,0.2797,0.5969,0.02535,-0.020342,0.036183,-0.014333,,,,,,0,0,,,60.42,,,0.96,,,,,58.65,57.28,57.22,,1.0,55.0,1
2026-06-11,BEN,30-45,,0.6012,,,,0.3012,,,,,0.3389,0.3,0.3276,,0.053231,-0.018825,0.022856,0.010269,,,,,,0,0,,,58.52,,,0.93,,,,,31.4,28.99,25.06,,1.0,-44.0,16
2026-06-11,FCX,30-45,,0.6106,0.6597,0.5474,-0.1123,0.0322,0.6616,0.631,,,0.666,0.5784,0.5821,0.4955,0.022529,-0.044192,0.059242,-0.009287,,,,,,0,0,,,61.25,,,0.92,,,,,64.78,63.73,53.38,,1.0,41.0,16
2026-06-11,GRMN,30-45,,0.2994,0.2931,0.3058,0.0127,0.0197,,,,,0.2202,0.2797,0.2948,0.5006,0.007348,-0.072768,0.139177,-0.04891,,,,,,0,0,,,60.81,,,0.66,,,,,235.78,245.1,227.78,,1.0,48.0,2
2026-06-11,IT,30-45,,0.5169,0.5326,0.5012,-0.0314,-0.0701,,,,,0.6561,0.587,0.4843,0.5018,0.00946,-0.095305,0.122965,-0.013737,,,,,,0,0,,,52.99,,,0.63,,,,,158.92,154.87,203.9,,0.0,54.0,4
2026-06-11,GE,30-45,,0.4138,0.4379,0.3896,-0.0483,0.0702,0.4481,0.4604,,,0.3014,0.3436,0.4103,0.5036,0.004833,-0.127533,0.233933,-0.012243,,,,,,0,0,,,79.32,,,0.65,,,,,309.75,300.7,302.69,,0.0,35.0,12
2026-06-11,GEHC,30-45,,0.35,0.3723,0.3276,-0.0447,0.0951,0.4054,0.384,,,0.2263,0.2549,0.4151,0.5049,0.03307,-0.026277,0.054352,-0.006066,,,,,,0,0,,,72.58,,,0.76,,,,,63.18,66.39,74.96,,0.0,48.0,12
2026-06-11,GEV,30-45,,0.5677,0.5924,0.5398,-0.0526,0.2174,0.6123,0.6159,,,0.2983,0.3503,0.4879,0.4975,0.001416,-0.48958,0.680092,-0.109064,,,,,,0,0,,,32.76,,,2.02,,,,,1001.61,1014.11,760.11,,1.0,41.0,49
2026-06-11,GEN,30-45,,0.4047,0.4324,0.377,-0.0554,-0.0619,,,,,0.5544,0.4666,0.4699,0.5039,0.069863,-0.011889,0.018537,-0.005722,,,,,,0,0,,,54.53,,,0.65,,,,,25.16,21.69,24.61,,0.0,56.0,2
2026-06-11,GNRC,30-45,,0.5679,0.5947,0.5367,-0.058,0.0042,0.5997,0.6065,,,0.5109,0.5637,0.5369,0.4965,0.005162,-0.135946,0.19067,-0.055422,,,,,,0,0,,,58.78,,,1.79,,,,,267.68,242.4,192.99,,1.0,48.0,13
2026-06-11,GD,30-45,,0.2505,0.1983,0.2819,0.0836,0.0423,0.364,0.3287,,,0.2218,0.2082,0.2474,0.4912,0.008688,-0.129955,0.33085,-0.156762,,,,,,0,0,,,55.86,,,0.59,,,,,341.71,339.58,340.67,,0.0,41.0,8
2026-06-11,GIS,30-45,,0.3737,0.3364,0.411,0.0746,0.1533,,,,,0.2626,0.2204,0.2224,0.4874,0.050944,-0.016344,0.025483,-0.008667,,,,,,0,0,,,49.51,,,0.83,,,,,33.33,34.51,42.42,,0.0,20.0,2
2026-06-11,GM,30-45,,0.4849,0.4988,0.467,-0.0318,0.1318,0.431,0.5054,,,0.3247,0.3531,0.336,0.4916,0.023928,-0.045224,0.07818,-0.009593,,,,,,0,0,,,80.58,,,1.07,,,,,79.69,77.99,73.29,,1.0,40.0,16
2026-06-11,GPC,30-45,,0.3608,0.3532,0.3683,0.0151,0.0743,,,,,0.2182,0.2865,0.2953,0.4986,0.017504,-0.036439,0.06643,-0.034726,,,,,,0,0,,,72.3,,,0.51,,,,,96.31,102.2,120.1,,0.0,40.0,2
2026-06-11,GILD,30-45,,0.2925,0.2585,0.3223,0.0638,0.0632,0.418,0.3884,,,0.2431,0.2293,0.2183,0.5013,0.020897,-0.050168,0.117927,-0.053739,,,,,,0,0,,,38.31,,,1.23,,,,,130.95,133.78,128.23,,1.0,56.0,15
2026-06-11,GPN,30-45,,0.4474,0.4341,0.4608,0.0267,0.0334,,,,,0.4709,0.414,0.4057,0.4968,0.02389,-0.030153,0.04502,-0.018557,,,,,,0,0,,,39.28,,,0.95,,,,,70.06,69.24,76.21,,0.0,55.0,4
2026-06-11,GL,30-45,,0.2155,0.2303,0.2007,-0.0296,-0.0679,,,,,0.2412,0.2834,0.214,0.5056,0.015607,-0.041563,0.110326,-0.0277,,,,,,0,0,,,68.48,,,0.58,,,,,154.71,151.7,141.64,,1.0,41.0,2
2026-06-11,GDDY,30-45,,0.5099,0.5268,0.4912,-0.0356,0.0137,0.5268,0.5329,,,0.6199,0.4962,0.4088,0.497,0.020761,-0.048953,0.078082,-0.019026,,,,,,0,0,,,35.32,,,0.4,,,,,87.3,85.83,110.38,,0.0,-42.0,19
2026-06-11,GS,30-45,,0.3842,0.4153,0.3457,-0.0696,0.0042,0.4716,0.4663,,,0.4361,0.38,0.3072,0.5032,0.001558,-0.415121,0.718337,0.084779,,,,,,0,0,,,68.34,,,1.0,,,,,1002.68,944.18,858.1,,1.0,33.0,38
2026-06-11,HAL,30-45,,0.4105,0.4257,0.3952,-0.0305,0.0502,0.4743,0.46,,,0.4385,0.3603,0.3393,0.5011,0.047907,-0.02054,0.035467,0.000424,,,,,,0,0,,,35.41,,,0.6,,,,,40.69,39.74,31.43,,1.0,40.0,12
2026-06-11,HIG,30-45,,0.2122,0.2253,0.1992,-0.0261,-0.0522,,,,,0.3414,0.2644,0.2234,0.5016,0.017175,-0.03315,0.080068,-0.039039,,,,,,0,0,,,39.25,,,0.88,,,,,131.18,134.06,132.8,,1.0,-49.0,2
2026-06-11,HAS,30-45,,0.3327,0.3457,0.3196,-0.0261,-0.0557,,,,,0.131,0.3884,0.3702,0.503,0.022233,-0.029369,0.056119,-0.022517,,,,,,0,0,,,15.71,,,0.75,,,,,87.99,91.13,84.9,,1.0,41.0,4
2026-06-11,HCA,30-45,,0.3228,0.2884,0.3504,0.062,0.0253,,,,,0.3385,0.2975,0.3114,0.5082,0.005371,-0.167495,0.294906,-0.208874,,,,,,0,0,,,31.51,,,0.78,,,,,390.17,434.34,460.77,,0.0,43.0,9
2026-06-11,DOC,30-45,,0.4383,,,,0.1836,,,,,0.3284,0.2547,0.4173,,0.119457,-0.008871,0.016857,-0.008543,,,,,,0,0,,,64.63,,,0.37,,,,,19.56,17.97,17.21,,1.0,42.0,7
2026-06-11,HSIC,30-45,,0.3097,0.3273,0.2922,-0.0351,0.1199,,,,,0.1689,0.1898,0.2406,0.5036,0.023513,-0.02524,0.050407,-0.021447,,,,,,0,0,,,87.78,,,0.89,,,,,74.94,74.95,73.28,,1.0,54.0,2
2026-06-11,HSY,30-45,,0.2924,0.3043,0.2804,-0.0239,-0.0441,0.4654,0.4534,,,0.3729,0.3365,0.2819,0.5013,0.010997,-0.057573,0.129463,-0.065121,,,,,,0,0,,,30.22,,,1.03,,,,,188.59,190.93,191.52,,0.0,49.0,8
2026-06-11,HPE,30-45,,0.709,0.7338,0.6796,-0.0542,-0.2908,0.7756,0.6956,,,1.286,0.9998,0.6927,0.4955,0.028028,-0.038647,0.044126,-0.011737,,,,,,0,0,,,72.7,,,0.83,,,,,41.37,32.72,25.26,,1.0,-10.0,24
2026-06-11,HLT,30-45,,0.2963,0.2927,0.2998,0.0071,0.0573,0.374,0.3759,,,0.2925,0.239,0.2728,0.4996,0.006184,-0.105435,0.252328,0.004446,,,,,,0,0,,,72.66,,,0.69,,,,,327.97,324.22,293.96,,1.0,48.0,10
2026-06-11,HD,30-45,,0.2995,0.3053,0.2937,-0.0116,0.0468,0.4272,0.3817,,,0.2631,0.2527,0.2842,0.5004,0.005813,-0.08533,0.210123,-0.065045,,,,,,0,0,,,70.34,,,0.89,,,,,308.59,320.36,355.9,,0.0,68.0,14
2026-06-11,HON,30-45,,0.343,0.343,0.3429,-0.0001,0.0455,0.4567,0.4394,,,0.3396,0.2975,0.2667,0.4863,0.007951,-0.068793,0.143506,-0.069548,,,,,,0,0,,,48.58,,,0.92,,,,,223.07,221.78,210.86,,1.0,42.0,7
2026-06-11,HRL,30-45,,0.2895,0.2548,0.3068,0.052,-0.1646,0.4557,0.4157,,,0.6006,0.4541,0.3247,0.5293,0.087964,-0.008715,0.018882,-0.003654,,,,,,0,0,,,82.9,,,0.44,,,,,21.92,21.42,22.87,,0.0,77.0,6
2026-06-11,HST,30-45,,0.3163,0.2244,0.4081,0.1837,0.1056,,,,,0.2005,0.2107,0.2317,0.4757,0.067503,-0.026343,0.021007,-0.005247,,,,,,0,0,,,82.68,,,1.25,,,,,22.99,21.58,18.57,,1.0,48.0,2
2026-06-11,HWM,30-45,,0.3734,0.3755,0.3703,-0.0052,0.0598,0.4417,0.4236,,,0.298,0.3136,0.3746,0.5005,0.007186,-0.098146,0.199924,-0.061155,,,,,,0,0,,,53.72,,,1.1,,,,,257.44,252.06,220.23,,1.0,56.0,10
2026-06-11,HPQ,30-45,,0.5232,0.5381,0.5082,-0.0299,-0.2643,0.5838,0.5521,,,0.8122,0.7875,0.5641,0.4864,0.058406,-0.013868,0.020865,-0.004466,,,,,,0,0,,,62.51,,,0.77,,,,,24.2,21.63,22.66,,0.0,76.0,12
2026-06-11,HUBB,30-45,467.59,0.3717,0.3788,0.3646,-0.0142,0.0772,,,,,0.3561,0.2945,0.3451,0.5008,0.004367,-0.194007,0.36736,-0.08096,,,,,,0,0,,,52.65,,50.43,1.22,-3.88,-3.57,-3.49,14.7012,475.06,502.24,467.49,0.02,1.0,47.0,6
2026-06-11,HUM,30-45,,0.4624,0.4996,0.4218,-0.0778,0.0061,0.5571,0.5517,,,0.4773,0.4563,0.4369,0.5007,0.004562,-0.206391,0.313454,0.026058,,,,,,0,0,,,76.23,,,0.57,,,,,319.02,257.41,244.85,,1.0,48.0,23
2026-06-11,HBAN,30-45,,0.3138,0.2728,0.3548,0.082,0.0337,,,,,0.3287,0.2801,0.2524,0.494,0.106642,-0.005132,0.010479,-0.003942,,,,,,0,0,,,71.52,,,1.14,,,,,15.99,16.24,16.54,,0.0,42.0,2
2026-06-11,HII,30-45,,0.3816,0.3946,0.3686,-0.026,0.0468,,,,,0.3343,0.3348,0.3757,0.502,0.005719,-0.10643,0.195805,-0.105232,,,,,,0,0,,,29.81,,,0.43,,,,,311.5,347.06,343.2,,1.0,49.0,4
2026-06-11,IBM,30-45,,0.4952,0.5627,0.4085,-0.1542,-0.2722,0.5968,0.629,,,0.9207,0.7674,0.5338,0.4989,0.004764,-0.143361,0.195464,0.018406,,,,,,0,0,,,66.72,,,0.42,,,,,263.02,246.46,269.6,,0.0,41.0,16
2026-06-11,IEX,30-45,,0.3074,0.3163,0.2984,-0.0179,0.1078,,,,,0.1897,0.1996,0.244,0.5031,0.008836,-0.07324,0.138036,0.041872,,,,,,0,0,,,75.56,,,0.61,,,,,211.25,207.31,185.88,,1.0,48.0,2
2026-06-11,IDXX,30-45,,0.3297,0.3422,0.3171,-0.0251,0.085,,,,,0.2984,0.2447,0.2861,0.5011,0.003191,-0.190776,0.367241,-0.192854,,,,,,0,0,,,66.49,,,0.91,,,,,554.4,563.38,635.35,,0.0,53.0,6
2026-06-11,ITW,30-45,,0.2301,0.2161,0.2441,0.028,0.101,,,,,0.1259,0.1291,0.215,0.5006,0.008043,-0.070597,0.151383,-0.068743,,,,,,0,0,,,68.89,,,0.8,,,,,250.18,258.43,258.08,,1.0,48.0,2
2026-06-11,INCY,30-45,,0.3804,0.3799,0.3808,0.0009,0.0471,,,,,0.4393,0.3333,0.287,0.5,0.01727,-0.048943,0.081857,-0.019252,,,,,,0,0,,,67.15,,,1.53,,,,,97.69,97.07,96.22,,1.0,47.0,4
2026-06-11,IR,30-45,,0.3235,0.3476,0.2993,-0.0483,0.0534,,,,,0.2524,0.2701,0.3596,0.4985,0.023511,-0.027422,0.046822,-0.015394,,,,,,0,0,,,70.73,,,0.79,,,,,71.21,77.34,81.56,,0.0,-44.0,2
2026-06-11,PODD,30-45,,0.4907,0.4853,0.496,0.0107,0.0135,,,,,0.5493,0.4772,0.5293,0.4996,0.010473,-0.084362,0.120389,-0.031441,,,,,,0,0,,,55.18,,,0.84,,,,,150.13,172.46,262.65,,0.0,56.0,4
2026-06-11,INTC,30-45,,0.9072,0.9811,0.8169,-0.1642,0.1013,0.855,0.9054,,,0.9415,0.8059,0.9068,0.5014,0.01014,-0.124341,0.111687,-0.015013,,,,,,0,0,,,47.64,,,0.97,,,,,113.75,92.41,52.27,,1.0,42.0,40
2026-06-11,IBKR,30-45,,0.4574,0.4728,0.4398,-0.033,0.088,0.4831,0.4842,,,0.4155,0.3694,0.3919,0.4957,0.021327,-0.047735,0.083127,-0.007578,,,,,,0,0,,,56.59,,,0.74,,,,,85.34,80.42,71.08,,1.0,33.0,15
2026-06-11,ICE,30-45,,0.3007,0.2917,0.3067,0.015,0.0851,0.455,0.4376,,,0.2672,0.2156,0.2268,0.5178,0.014123,-0.046011,0.103982,-0.060673,,,,,,0,0,,,27.39,,,0.46,,,,,148.29,155.15,159.76,,0.0,49.0,5
2026-06-11,IFF,30-45,,0.3384,0.3394,0.3374,-0.002,0.0193,,,,,0.3233,0.3191,0.4758,0.5001,0.030162,-0.030854,0.060246,-0.016504,,,,,,0,0,,,62.39,,,0.76,,,,,74.73,73.77,69.05,,1.0,54.0,2
2026-06-11,IP,30-45,,0.4513,0.4673,0.4353,-0.032,0.0749,0.5847,0.4896,,,0.288,0.3764,0.4607,0.5029,0.051333,-0.016622,0.028127,-0.008747,,,,,,0,0,,,82.04,,,1.06,,,,,32.14,33.2,39.23,,0.0,49.0,6
2026-06-11,INTU,30-45,,0.554,0.5551,0.5529,-0.0022,-0.4592,0.6464,0.6391,,,0.7731,1.0132,0.7022,0.5002,0.00388,-0.150935,0.20917,-0.077125,,,,,,0,0,,,28.64,,,0.87,,,,,336.78,372.58,534.02,,0.0,70.0,16
2026-06-11,ISRG,30-45,,0.392,0.4174,0.364,-0.0534,0.054,0.4517,0.4649,,,0.3657,0.338,0.337,0.4985,0.004069,-0.161277,0.313266,-0.134495,,,,,,0,0,,,42.33,,,0.81,,,,,426.38,445.99,492.91,,0.0,40.0,21
2026-06-11,IVZ,30-45,,0.406,0.4066,0.4054,-0.0012,0.0831,,,,,0.3743,0.3229,0.3416,0.5022,0.066118,-0.014854,0.022186,0.001364,,,,,,0,0,,,61.46,,,0.71,,,,,27.49,26.02,24.75,,1.0,40.0,4
2026-06-11,INVH,30-45,,0.2343,0.1789,0.2896,0.1107,0.024,,,,,0.2014,0.2103,0.2078,0.4882,0.0793,-0.010358,0.020583,-0.004692,,,,,,0,0,,,64.92,,,0.68,,,,,29.1,27.88,27.26,,1.0,48.0,2
2026-06-11,IQV,30-45,,0.4242,0.4054,0.443,0.0376,-0.0075,,,,,0.5183,0.4317,0.4146,0.4978,0.009642,-0.086578,0.140456,-0.013592,,,,,,0,0,,,61.96,,,0.63,,,,,176.12,172.5,195.73,,0.0,40.0,6
2026-06-11,IRM,30-45,,0.3501,0.3467,0.3531,0.0064,0.0728,0.3802,0.3777,,,0.3125,0.2773,0.3568,0.4935,0.019174,-0.05307,0.120814,-0.017561,,,,,,0,0,,,55.09,,,0.5,,,,,126.52,120.49,101.41,,1.0,-42.0,17
2026-06-11,JBHT,30-45,,0.4743,0.4801,0.4686,-0.0115,0.1517,,,,,0.1462,0.3226,0.3115,0.501,0.005755,-0.148803,0.216639,0.007621,,,,,,0,0,,,81.56,,,1.16,,,,,269.46,249.34,198.44,,1.0,33.0,4
2026-06-11,JBL,30-45,,0.6747,0.7233,0.6221,-0.1012,0.221,0.7408,0.7074,,,0.4358,0.4537,0.4997,0.5023,0.00335,-0.268224,0.311549,-0.034434,,,,,,0,0,,,61.65,,,0.52,,,,,359.6,335.54,254.98,,1.0,6.0,25
2026-06-11,JKHY,30-45,,0.3538,0.4042,0.3034,-0.1008,0.0315,,,,,0.302,0.3223,0.2792,0.5036,0.015048,-0.052996,0.094256,-0.03224,,,,,,0,0,,,24.87,,,0.71,,,,,135.48,145.34,160.51,,0.0,-37.0,4
2026-06-11,J,30-45,,0.3504,0.3753,0.3256,-0.0497,-0.0578,,,,,0.3244,0.4082,0.3619,0.5023,0.013955,-0.046221,0.080683,-0.02031,,,,,,0,0,,,77.34,,,0.85,,,,,117.13,122.64,136.9,,0.0,54.0,4
2026-06-11,JNJ,30-45,,0.2572,0.2549,0.2596,0.0047,0.0436,0.3415,0.3389,,,0.2308,0.2136,0.1825,0.4984,0.007998,-0.058249,0.148772,-0.01427,,,,,,0,0,,,62.48,,,0.89,,,,,228.9,229.98,211.66,,1.0,34.0,6
2026-06-11,JCI,30-45,,0.348,0.3411,0.355,0.0139,-0.021,,,,,0.4214,0.369,0.326,0.4995,0.013252,-0.053324,0.099548,-0.03213,,,,,,0,0,,,66.66,,,1.42,,,,,140.56,140.32,124.2,,1.0,47.0,2
2026-06-11,JPM,30-45,,0.298,0.2912,0.3048,0.0136,0.0791,0.3707,0.3744,,,0.2459,0.2189,0.2182,0.4995,0.00577,-0.088035,0.199306,-0.038517,,,,,,0,0,,,68.8,,,0.84,,,,,302.8,305.53,304.29,,1.0,33.0,12
2026-06-11,KVUE,30-45,,0.2754,0.2422,0.3004,0.0582,0.0276,0.6054,0.5569,,,0.342,0.2478,0.2177,0.511,0.112807,-0.009095,0.014851,-0.006578,,,,,,0,0,,,62.71,,,0.51,,,,,17.36,17.25,16.99,,1.0,56.0,7
2026-06-11,KDP,30-45,,0.3032,0.3523,0.205,-0.1473,0.1187,,,,,0.1792,0.1845,0.2522,0.4688,0.072105,-0.022953,0.028411,0.009974,,,,,,0,0,,,82.31,,,1.39,,,,,29.78,28.31,27.56,,1.0,42.0,3
2026-06-11,KEY,30-45,,0.2882,0.2821,0.2942,0.0121,0.0451,,,,,0.2851,0.2431,0.2164,0.4999,0.096586,-0.007336,0.015659,-0.004227,,,,,,0,0,,,68.68,,,1.77,,,,,21.2,21.28,19.69,,1.0,-56.0,2
2026-06-11,KEYS,30-45,,0.4862,0.4932,0.4792,-0.014,0.13,,,,,0.4042,0.3562,0.3758,0.5013,0.004275,-0.158335,0.226644,-0.0638,,,,,,0,0,,,43.22,,,0.51,,,,,343.49,337.45,240.43,,1.0,68.0,6
2026-06-11,KMB,30-45,,0.2707,0.2768,0.2646,-0.0122,-0.0313,0.3295,0.3334,,,0.4191,0.302,0.2654,0.5007,0.023557,-0.03157,0.081693,-0.005324,,,,,,0,0,,,62.99,,,0.71,,,,,96.61,96.23,103.78,,0.0,60.0,8
2026-06-11,KIM,30-45,,0.421,,,,0.1942,,,,,0.256,0.2268,0.189,,0.07195,-0.009513,0.016738,0.004162,,,,,,0,0,,,77.02,,,1.59,,,,,23.68,23.35,21.53,,1.0,49.0,8
2026-06-11,KMI,30-45,,0.2609,0.2307,0.2836,0.0529,0.0331,0.3643,0.3262,,,0.2146,0.2278,0.2201,0.5107,0.086013,-0.010629,0.02811,-0.008798,,,,,,0,0,,,22.95,,,0.71,,,,,32.45,32.17,29.17,,1.0,34.0,7
2026-06-11,KKR,30-45,,0.4345,0.4447,0.4232,-0.0215,0.0794,0.4761,0.4688,,,0.4267,0.3551,0.3515,0.4965,0.018949,-0.048837,0.087107,-0.007954,,,,,,0,0,,,56.73,,,0.72,,,,,94.92,97.46,113.8,,0.0,49.0,19
2026-06-11,KLAC,30-45,2135.6399,0.73,0.7813,0.6647,-0.1166,0.0676,,,,,0.7817,0.6624,0.5505,0.4954,0.000532,-1.930205,1.780651,-0.002546,,,,,,0,0,,,67.07,,99.71,1.46,-0.17,0.5,18.05,127.0496,1948.43,1823.65,1393.01,53.31,1.0,49.0,25
2026-06-11,KHC,30-45,,0.2801,0.2996,0.2605,-0.0391,0.0313,0.4251,0.3603,,,0.3223,0.2488,0.252,0.502,0.096883,-0.008305,0.020368,-0.004537,,,,,,0,0,,,56.28,,,0.81,,,,,23.08,22.57,23.39,,0.0,48.0,4
2026-06-11,KR,30-45,,0.3493,0.3537,0.3448,-0.0089,0.0289,0.5048,0.4206,,,0.2194,0.3204,0.2622,0.5004,0.032165,-0.027842,0.057923,-0.008721,,,,,,0,0,,,20.89,,,1.26,,,,,64.81,66.68,66.04,,1.0,7.0,10
2026-06-11,LHX,30-45,,0.2911,0.256,0.3263,0.0703,0.0472,0.5345,0.4503,,,0.2527,0.2439,0.2409,0.4944,0.007301,-0.143461,0.283295,-0.181,,,,,,0,0,,,51.22,,,0.53,,,,,307.59,322.72,312.51,,1.0,43.0,8
2026-06-11,LH,30-45,,0.2755,0.2787,0.2724,-0.0063,0.0622,,,,,0.2328,0.2133,0.2189,0.5003,0.007166,-0.077981,0.164103,-0.021091,,,,,,0,0,,,71.97,,,1.12,,,,,258.2,261.53,266.51,,0.0,42.0,2
2026-06-11,LRCX,30-45,,0.762,0.8426,0.6669,-0.1757,0.1084,0.8041,0.8011,,,0.7397,0.6536,0.61,0.504,0.003455,-0.287395,0.294865,-0.025034,,,,,,0,0,,,68.4,,,1.4,,,,,310.25,279.2,201.02,,1.0,48.0,24
2026-06-11,LVS,30-45,,0.3914,0.3987,0.3842,-0.0145,0.0989,0.4549,0.455,,,0.3906,0.2925,0.3305,0.5002,0.035755,-0.023707,0.0442,-0.006548,,,,,,0,0,,,58.8,,,0.55,,,,,50.68,52.76,56.5,,0.0,41.0,12
2026-06-11,LDOS,30-45,,0.3725,0.3714,0.3736,0.0022,0.124,,,,,0.2244,0.2485,0.2842,0.4995,0.013523,-0.045539,0.080748,-0.033448,,,,,,0,0,,,44.3,,,1.01,,,,,125.79,139.95,173.05,,0.0,47.0,4
2026-06-11,LEN,30-45,,0.4695,0.4507,0.4846,0.0339,0.1668,0.5211,0.4715,,,0.2416,0.3027,0.3549,0.5091,0.02104,-0.05138,0.091106,-0.012467,,,,,,0,0,,,77.1,,,1.18,,,,,88.43,88.9,109.86,,0.0,0.0,18
2026-06-11,LII,30-45,,0.4012,0.4018,0.4006,-0.0012,0.0581,,,,,0.2892,0.3431,0.4158,0.4999,0.003715,-0.23203,0.396243,-0.042648,,,,,,0,0,,,69.89,,,0.42,,,,,503.52,500.19,509.53,,0.0,48.0,6
2026-06-11,LLY,30-45,,0.3632,0.3819,0.3435,-0.0384,0.0493,0.4499,0.4477,,,0.3625,0.3139,0.3801,0.4996,0.001417,-0.412936,0.797778,0.091733,,,,,,0,0,,,73.43,,,0.83,,,,,1069.16,984.32,950.46,,1.0,55.0,39
2026-06-11,LIN,30-45,,0.2643,0.2116,0.3064,0.0948,0.0737,,,,,0.2259,0.1906,0.195,0.5059,0.00587,-0.189821,0.450367,-0.142692,,,,,,0,0,,,58.39,,,1.09,,,,,506.26,501.93,463.03,,1.0,50.0,9
2026-06-11,LYV,30-45,,0.3634,0.3737,0.3506,-0.0231,0.1506,0.4315,0.4353,,,0.2172,0.2128,0.3279,0.4892,0.010743,-0.061478,0.12651,-0.029092,,,,,,0,0,,,49.22,,,1.19,,,,,165.68,161.53,153.39,,1.0,-37.0,9
2026-06-11,LMT,30-45,,0.3105,0.3219,0.2991,-0.0228,0.1202,0.4238,0.4355,,,0.2003,0.1903,0.2404,0.5019,0.003282,-0.155784,0.350717,-0.110685,,,,,,0,0,,,54.96,,,0.68,,,,,521.87,545.62,529.7,,1.0,40.0,22
2026-06-11,L,30-45,,0.2182,0.2227,0.2138,-0.0089,0.0307,,,,,0.233,0.1875,0.2109,0.502,0.0198,-0.02957,0.067726,-0.025791,,,,,,0,0,,,47.15,,,0.38,,,,,106.34,107.88,104.66,,1.0,53.0,2
2026-06-11,LOW,30-45,,0.3232,0.3305,0.316,-0.0145,0.0411,0.4717,0.4299,,,0.3404,0.2821,0.3142,0.502,0.007353,-0.06565,0.13954,-0.035032,,,,,,0,0,,,48.9,,,0.64,,,,,214.69,229.05,245.0,,0.0,69.0,6
2026-06-11,LULU,30-45,,0.4609,0.4895,0.4324,-0.0571,-0.0096,0.5844,0.5884,,,0.5907,0.4705,0.5007,0.5048,0.01052,-0.056119,0.082928,-0.011921,,,,,,0,0,,,52.8,,,0.94,,,,,124.4,139.49,170.26,,0.0,84.0,6
2026-06-11,LITE,30-45,,1.0019,1.0886,0.895,-0.1936,0.0154,1.0208,1.0116,,,1.1412,0.9865,0.9973,0.5006,0.00111,-1.05114,0.854077,-0.18009,,,,,,0,0,,,45.03,,,0.95,,,,,920.22,894.69,487.68,,1.0,62.0,87
2026-06-11,LYB,30-45,,0.4405,0.4415,0.4394,-0.0021,0.2155,,,,,0.2388,0.225,0.4855,0.5001,0.024285,-0.032458,0.04917,-0.014279,,,,,,0,0,,,15.94,,,0.93,,,,,68.62,71.36,55.65,,1.0,50.0,4
2026-06-11,MTB,30-45,,0.2925,0.295,0.29,-0.005,0.0793,,,,,0.256,0.2132,0.2086,0.501,0.007976,-0.065066,0.132766,0.000224,,,,,,0,0,,,79.31,,,1.34,,,,,212.73,213.66,202.53,,1.0,34.0,2
2026-06-11,MPC,30-45,,0.4098,0.427,0.3925,-0.0345,0.0791,,,,,0.3285,0.3307,0.374,0.5008,0.005521,-0.098259,0.163195,-0.016192,,,,,,0,0,,,47.24,,,0.75,,,,,256.29,242.7,203.18,,1.0,54.0,4
2026-06-11,MAR,30-45,,0.2995,0.319,0.28,-0.039,0.0783,0.4457,0.4154,,,0.2639,0.2212,0.2661,0.5016,0.005366,-0.135559,0.293329,0.046897,,,,,,0,0,,,76.95,,,1.19,,,,,373.19,361.89,313.85,,1.0,54.0,12
2026-06-11,MRSH,30-45,,0.2843,0.2855,0.2831,-0.0024,0.0176,,,,,0.2877,0.2667,0.2789,0.4995,0.012156,-0.053047,0.110659,-0.038044,,,,,,0,0,,,49.15,,,0.67,,,,,162.26,167.63,180.61,,0.0,35.0,4
2026-06-11,MLM,30-45,,0.3124,0.3245,0.3004,-0.0241,-0.033,,,,,0.3262,0.3454,0.2865,0.503,0.00328,-0.178365,0.352617,-0.128271,,,,,,0,0,,,65.6,,,0.6,,,,,563.79,591.79,617.44,,0.0,-42.0,6
2026-06-11,MAS,30-45,,0.3441,0.3479,0.3403,-0.0076,0.0016,,,,,0.2874,0.3425,0.3897,0.4996,0.022632,-0.026768,0.045747,-0.018553,,,,,,0,0,,,80.31,,,0.57,,,,,68.29,67.61,66.96,,1.0,-50.0,2
2026-06-11,MA,30-45,,0.2607,0.2632,0.2582,-0.005,0.0275,0.3831,0.3498,,,0.2815,0.2332,0.2481,0.5006,0.004302,-0.119085,0.325708,-0.097446,,,,,,0,0,,,46.94,,,0.9,,,,,492.13,499.81,536.81,,0.0,49.0,16
2026-06-11,MKC,30-45,,0.4483,0.4199,0.4766,0.0567,0.2207,,,,,0.2099,0.2276,0.312,0.4977,0.035982,-0.029036,0.043055,-0.016709,,,,,,0,0,,,58.29,,,0.79,,,,,46.92,49.14,60.9,,0.0,14.0,2
2026-06-11,MCD,30-45,,0.216,0.2274,0.2016,-0.0258,0.0413,0.3559,0.341,,,0.1995,0.1747,0.1904,0.4889,0.007182,-0.057199,0.162428,-0.066453,,,,,,0,0,,,54.45,,,0.73,,,,,277.28,288.34,302.49,,0.0,56.0,9
2026-06-11,MCK,30-45,,0.2875,0.2857,0.2893,0.0036,0.0587,,,,,0.2437,0.2288,0.2545,0.4995,0.002575,-0.250049,0.531851,-0.191676,,,,,,0,0,,,59.47,,,0.52,,,,,756.05,800.42,819.94,,0.0,55.0,8
2026-06-11,MDT,30-45,,0.2701,0.2527,0.2847,0.032,-0.0647,0.3614,0.3216,,,0.4331,0.3348,0.2659,0.5077,0.029784,-0.024844,0.063218,-0.007034,,,,,,0,0,,,60.13,,,0.58,,,,,77.63,80.97,91.39,,0.0,68.0,11
2026-06-11,MRK,30-45,,0.2993,0.2572,0.3309,0.0737,-0.0332,0.3697,0.3383,,,0.3132,0.3325,0.2737,0.4945,0.022231,-0.045355,0.114537,-0.030841,,,,,,0,0,,,59.64,,,1.01,,,,,116.87,116.15,103.5,,1.0,54.0,14
2026-06-11,META,30-45,,0.3536,0.3773,0.328,-0.0493,-0.0127,0.5203,0.4758,,,0.5031,0.3663,0.4305,0.4995,0.002246,-0.158952,0.313461,-0.118861,,,,,,0,0,,,43.71,,,0.96,,,,,611.2,623.19,659.71,,0.0,48.0,27
2026-06-11,MET,30-45,,0.2714,0.278,0.2583,-0.0197,0.0501,,,,,0.252,0.2213,0.2179,0.5315,0.031348,-0.0303,0.066235,0.007013,,,,,,0,0,,,65.18,,,1.18,,,,,82.37,78.44,76.97,,1.0,-36.0,3
2026-06-11,MTD,30-45,,0.3172,0.3311,0.3034,-0.0277,-0.0611,,,,,0.3787,0.3783,0.4648,0.5014,0.001305,-0.341323,0.632459,-0.37488,,,,,,0,0,,,73.12,,,0.6,,,,,1115.76,1213.48,1320.57,,0.0,49.0,6
2026-06-11,MGM,30-45,,0.3491,0.365,0.3333,-0.0317,-0.315,0.4983,0.4317,,,0.899,0.6641,0.4694,0.5018,0.04509,-0.024298,0.041716,0.006098,,,,,,0,0,,,80.56,,,0.27,,,,,42.16,39.71,36.18,,1.0,48.0,12
2026-06-11,MCHP,30-45,,0.6142,0.6254,0.603,-0.0224,0.1033,0.6328,0.634,,,0.6039,0.5109,0.4821,0.5014,0.015741,-0.063991,0.084175,-0.01708,,,,,,0,0,,,50.16,,,0.91,,,,,93.98,86.96,70.81,,1.0,56.0,26
2026-06-11,MU,30-45,,1.0556,1.1255,0.9751,-0.1504,-0.051,1.1037,1.0684,,,1.1159,1.1066,0.909,0.5011,0.001018,-1.198409,0.917752,-0.216418,,,,,,0,0,,,66.31,,,0.98,,,,,872.25,647.32,370.24,,1.0,13.0,99
2026-06-11,MSFT,30-45,,0.3199,0.3334,0.3006,-0.0328,-0.048,0.417,0.3924,,,0.4905,0.3679,0.3183,0.5077,0.003549,-0.098324,0.214901,-0.059428,,,,,,0,0,,,44.42,,,0.83,,,,,422.41,410.6,453.25,,0.0,48.0,17
2026-06-11,MAA,30-45,,0.2374,0.2161,0.2588,0.0427,0.0331,,,,,0.2289,0.2043,0.2051,0.4997,0.01728,-0.047332,0.100552,-0.019864,,,,,,0,0,,,78.52,,,0.91,,,,,131.13,128.23,130.57,,0.0,48.0,2
2026-06-11,MRNA,30-45,,0.7535,0.7603,0.7472,-0.0131,0.1814,0.802,0.7619,,,0.6623,0.5721,0.5475,0.504,0.026041,-0.044102,0.045844,-0.004441,,,,,,0,0,,,56.01,,,0.75,,,,,47.9,49.64,38.26,,1.0,50.0,25
2026-06-11,TAP,30-45,,0.4636,,,,0.2132,,,,,0.2726,0.2504,0.2653,,0.04432,-0.01429,0.027395,-0.018515,,,,,,0,0,,,44.18,,,0.88,,,,,40.34,41.8,44.82,,0.0,-42.0,20
2026-06-11,MDLZ,30-45,,0.2539,0.2109,0.2969,0.086,0.0799,0.2964,0.2937,,,0.2003,0.174,0.2134,0.4921,0.049471,-0.023418,0.06384,-0.016442,,,,,,0,0,,,60.85,,,0.96,,,,,61.53,59.91,58.2,,1.0,47.0,8
2026-06-11,MPWR,30-45,,0.7583,0.8168,0.6889,-0.1279,0.0855,,,,,0.7808,0.6728,0.5895,0.4998,0.000793,-1.336882,1.253011,-0.145555,,,,,,0,0,,,53.98,,,1.01,,,,,1580.93,1500.69,1119.66,,1.0,49.0,35
2026-06-11,MNST,30-45,,0.2535,0.224,0.2831,0.0591,0.06,,,,,0.2049,0.1935,0.3448,0.4955,0.032222,-0.033474,0.078296,-0.02413,,,,,,0,0,,,65.45,,,1.25,,,,,87.87,81.02,75.16,,1.0,56.0,2
2026-06-11,MCO,30-45,,0.3052,0.3068,0.3035,-0.0033,0.0458,,,,,0.2237,0.2594,0.239,0.4999,0.004251,-0.144941,0.298914,-0.093382,,,,,,0,0,,,61.98,,,0.41,,,,,446.38,447.77,473.12,,0.0,42.0,4
2026-06-11,MS,30-45,,0.3546,0.3658,0.3396,-0.0262,0.0712,0.437,0.4352,,,0.3278,0.2834,0.2659,0.4888,0.00784,-0.072482,0.142722,-0.002582,,,,,,0,0,,,71.85,,,0.9,,,,,203.5,191.32,171.79,,1.0,34.0,7
2026-06-11,MOS,30-45,,0.4944,0.4822,0.5066,0.0244,0.1272,0.6588,0.5931,,,0.3905,0.3672,0.4538,0.4971,0.07272,-0.011462,0.016604,-0.002728,,,,,,0,0,,,50.84,,,1.65,,,,,22.48,23.37,26.62,,0.0,54.0,8
2026-06-11,MSI,30-45,,0.2898,0.2875,0.2922,0.0047,0.0278,,,,,0.2172,0.262,0.327,0.4997,0.004237,-0.118895,0.250244,-0.175218,,,,,,0,0,,,62.19,,,0.61,,,,,405.85,423.03,424.08,,0.0,49.0,4
2026-06-11,MSCI,30-45,,0.298,0.2922,0.3037,0.0115,0.006,,,,,0.3401,0.292,0.2577,0.4989,0.003149,-0.18132,0.378569,-0.027821,,,,,,0,0,,,62.21,,,0.38,,,,,599.75,581.46,564.46,,1.0,40.0,6
2026-06-11,NDAQ,30-45,,0.3133,0.3137,0.3129,-0.0008,0.0514,0.3429,0.3438,,,0.3312,0.2619,0.2552,0.4911,0.02803,-0.031728,0.078344,-0.01244,,,,,,0,0,,,35.87,,,0.7,,,,,90.04,88.91,89.59,,0.0,42.0,11
2026-06-11,NTAP,30-45,,0.4937,0.5399,0.4244,-0.1155,-0.4043,,,,,1.1498,0.898,0.5812,0.5266,0.009829,-0.095311,0.126124,-0.000668,,,,,,0,0,,,73.14,,,0.72,,,,,147.26,122.38,112.39,,1.0,-14.0,5
2026-06-11,NFLX,30-45,,0.4159,0.4302,0.3944,-0.0358,0.1889,0.3888,0.4974,,,0.1905,0.227,0.3249,0.5087,0.018044,-0.032286,0.060554,-0.018524,,,,,,0,0,,,18.52,,,1.03,,,,,85.92,91.64,99.71,,0.0,35.0,15
2026-06-11,NEM,30-45,,0.5239,0.56,0.4577,-0.1023,0.0615,0.5426,0.5444,,,0.4719,0.4624,0.5163,0.5029,0.016629,-0.053767,0.082909,-0.020707,,,,,,0,0,,,39.56,,,1.26,,,,,107.79,111.51,101.18,,1.0,42.0,17
2026-06-11,NWSA,30-45,,0.589,,,,0.3378,,,,,0.2742,0.2512,0.2141,,0.058029,-0.015071,0.0192,0.008943,,,,,,0,0,,,58.63,,,0.8,,,,,26.44,26.01,26.14,,0.0,54.0,7
2026-06-11,NWS,30-45,,0.6781,,,,0.4169,,,,,0.2854,0.2612,0.2139,,0.038875,-0.021,0.02225,0.00385,,,,,,0,0,,,58.04,,,0.84,,,,,30.3,29.9,29.74,,1.0,54.0,4
2026-06-11,NEE,30-45,,0.2785,0.2695,0.2863,0.0168,-0.0166,0.3255,0.323,,,0.2923,0.2951,0.2801,0.5061,0.031085,-0.027783,0.074971,-0.013172,,,,,,0,0,,,36.38,,,0.56,,,,,87.53,90.95,84.29,,1.0,41.0,13
2026-06-11,NKE,30-45,,0.52,0.5478,0.4922,-0.0556,0.2011,0.6118,0.5622,,,0.4008,0.3189,0.4506,0.5032,0.03139,-0.024822,0.036639,-0.0057,,,,,,0,0,,,61.93,,,0.58,,,,,43.8,44.03,58.86,,0.0,19.0,10
2026-06-11,NI,30-45,,0.36,,,,0.1493,,,,,0.2332,0.2107,0.1897,,0.06342,-0.01516,0.0378,-0.0099,,,,,,0,0,,,42.63,,,0.65,,,,,46.67,47.13,43.89,,1.0,55.0,5
2026-06-11,NDSN,30-45,,0.2756,0.2655,0.2856,0.0201,0.0247,,,,,0.2401,0.2509,0.2322,0.4991,0.00711,-0.082958,0.181468,-0.095942,,,,,,0,0,,,67.79,,,0.76,,,,,283.55,280.38,256.14,,1.0,69.0,2
2026-06-11,NSC,30-45,,0.2505,0.2637,0.2373,-0.0264,-0.0295,,,,,0.3445,0.28,0.2536,0.5008,0.006831,-0.078728,0.191322,-0.094391,,,,,,0,0,,,45.18,,,0.41,,,,,312.62,307.04,293.12,,1.0,-48.0,2
2026-06-11,NTRS,30-45,,0.2925,0.2975,0.2875,-0.01,0.1228,,,,,0.228,0.1697,0.2544,0.5021,0.012894,-0.053527,0.113915,-0.002482,,,,,,0,0,,,62.82,,,1.45,,,,,166.91,160.98,141.02,,1.0,41.0,4
2026-06-11,NOC,30-45,,0.2944,0.281,0.3079,0.0269,0.0329,,,,,0.3302,0.2615,0.2671,0.4978,0.004925,-0.20553,0.467494,-0.109812,,,,,,0,0,,,47.22,,,0.61,,,,,546.83,591.69,612.95,,0.0,40.0,10
2026-06-11,NCLH,30-45,,0.5822,0.5946,0.5657,-0.0289,0.0702,0.6857,0.6525,,,0.4318,0.512,0.5726,0.4875,0.07914,-0.013369,0.016504,-0.001222,,,,,,0,0,,,83.65,,,0.67,,,,,17.26,18.2,21.18,,0.0,49.0,7
2026-06-11,NRG,30-45,,0.53,0.584,0.453,-0.131,0.0423,0.5436,0.5316,,,0.3342,0.4877,0.5106,0.4964,0.014247,-0.077726,0.119104,-0.016823,,,,,,0,0,,,57.76,,,1.25,,,,,132.55,145.98,156.46,,0.0,56.0,17
2026-06-11,NUE,30-45,,0.3659,0.3551,0.3714,0.0163,0.0868,,,,,0.2656,0.2791,0.2774,0.5302,0.006321,-0.086012,0.153438,0.000588,,,,,,0,0,,,81.45,,,0.86,,,,,242.25,219.26,172.72,,1.0,46.0,3
2026-06-11,NVDA,30-45,,0.4306,0.4533,0.3987,-0.0546,-0.025,0.5596,0.5468,,,0.5332,0.4556,0.3992,0.5025,0.004995,-0.061209,0.100562,-0.02264,,,,,,0,0,,,40.34,,,0.84,,,,,217.88,205.6,188.73,,1.0,76.0,12
2026-06-11,NXPI,30-45,,0.5602,0.5868,0.5203,-0.0665,0.0114,,,,,0.524,0.5488,0.6254,0.4856,0.004192,-0.167292,0.197332,-0.022812,,,,,,0,0,,,51.18,,,1.1,,,,,309.64,267.5,230.14,,1.0,46.0,5
2026-06-11,ORLY,30-45,,0.2885,0.2854,0.2917,0.0063,0.0474,,,,,0.2279,0.2411,0.2804,0.5002,0.021486,-0.028981,0.059438,-0.020429,,,,,,0,0,,,40.53,,,0.79,,,,,89.49,91.84,96.03,,0.0,48.0,2
2026-06-11,OXY,30-45,,0.4045,0.3497,0.4436,0.0939,0.0776,0.4309,0.4254,,,0.312,0.3269,0.3929,0.494,0.031627,-0.026323,0.049998,-0.007798,,,,,,0,0,,,32.89,,,0.83,,,,,58.16,58.15,48.67,,1.0,55.0,12
2026-06-11,ODFL,30-45,,0.4328,0.4334,0.4322,-0.0012,0.1474,,,,,0.2311,0.2854,0.3445,0.4997,0.005745,-0.104758,0.149222,0.012243,,,,,,0,0,,,90.7,,,1.63,,,,,220.18,212.28,173.25,,1.0,48.0,4
2026-06-11,OMC,30-45,,0.3469,0.3528,0.341,-0.0118,0.019,,,,,0.3178,0.3279,0.2451,0.501,0.025787,-0.031433,0.055117,-0.010843,,,,,,0,0,,,62.93,,,0.79,,,,,73.94,75.54,75.85,,0.0,40.0,2
2026-06-11,ON,30-45,,0.8047,0.8346,0.7688,-0.0658,-0.0228,0.7995,0.8024,,,0.7808,0.8275,0.6685,0.4969,0.009859,-0.101317,0.10583,-0.031886,,,,,,0,0,,,58.31,,,1.07,,,,,119.23,98.78,66.24,,1.0,53.0,22
2026-06-11,OKE,30-45,,0.3153,0.3217,0.3088,-0.0129,-0.0025,,,,,0.3037,0.3178,0.3016,0.4996,0.018679,-0.026154,0.053462,-0.015413,,,,,,0,0,,,32.45,,,0.66,,,,,89.53,87.7,77.28,,1.0,-44.0,2
2026-06-11,ORCL,30-45,,1.0246,1.2163,0.4019,-0.8144,0.2492,1.0826,1.0175,,,1.0442,0.7754,0.6334,0.5067,0.006105,-0.232978,0.177834,0.019687,,,,,,0,0,,,59.72,,,1.75,,,,,206.35,183.04,205.41,,0.0,-1.0,17
2026-06-11,OTIS,30-45,,0.2843,0.3025,0.2662,-0.0363,0.1003,,,,,0.2123,0.184,0.25,0.5015,0.036917,-0.024956,0.056417,-0.02535,,,,,,0,0,,,51.72,,,0.79,,,,,71.13,75.16,84.5,,0.0,41.0,2
2026-06-11,PCAR,30-45,,0.3065,0.3171,0.296,-0.0211,0.0411,,,,,0.2651,0.2654,0.2864,0.5014,0.017178,-0.031043,0.071026,-0.03037,,,,,,0,0,,,72.15,,,0.87,,,,,112.77,117.49,110.34,,1.0,40.0,2
2026-06-11,PKG,30-45,,0.3331,0.2877,0.3784,0.0907,0.0197,,,,,0.2232,0.3134,0.3132,0.4909,0.009215,-0.094627,0.168685,-0.061323,,,,,,0,0,,,83.08,,,1.28,,,,,218.2,215.38,212.3,,1.0,41.0,2
2026-06-11,PLTR,30-45,,0.5203,0.5687,0.4671,-0.1016,-0.1023,0.5622,0.5656,,,0.8543,0.6226,0.5718,0.5049,0.011068,-0.073916,0.11022,-0.012902,,,,,,0,0,,,47.57,,,0.73,,,,,139.44,140.52,160.87,,0.0,53.0,21
2026-06-11,PANW,30-45,,0.5097,0.5456,0.4679,-0.0777,-0.0872,0.6255,0.6121,,,0.7403,0.5969,0.5266,0.498,0.004634,-0.134469,0.190057,-0.01374,,,,,,0,0,,,58.19,,,0.66,,,,,260.93,209.44,192.96,,1.0,68.0,13
2026-06-11,PSKY,30-45,,0.5939,0.6515,0.5363,-0.1152,0.2267,0.721,0.7256,,,0.4296,0.3672,0.4486,0.5029,0.130276,-0.007343,0.009365,-0.003643,,,,,,0,0,,,55.31,,,0.73,,,,,10.38,10.64,13.09,,0.0,53.0,6
2026-06-11,PH,30-45,,0.328,0.346,0.3056,-0.0404,0.1136,,,,,0.2741,0.2144,0.2946,0.5134,0.002663,-0.324116,0.67857,0.016585,,,,,,0,0,,,68.6,,,0.81,,,,,863.34,906.63,868.11,,1.0,56.0,9
2026-06-11,PAYX,30-45,,0.3922,0.383,0.4014,0.0184,0.0496,,,,,0.3567,0.3426,0.2973,0.4972,0.017208,-0.04542,0.075648,-0.014592,,,,,,0,0,,,62.35,,,0.87,,,,,96.21,92.68,105.7,,0.0,13.0,4
2026-06-11,PYPL,30-45,,0.3644,0.3939,0.3348,-0.0591,0.1281,0.4335,0.4012,,,0.3152,0.2363,0.3274,0.5035,0.040933,-0.014039,0.028832,-0.003873,,,,,,0,0,,,34.37,,,0.93,,,,,43.68,46.19,55.42,,0.0,47.0,8
2026-06-11,PNR,30-45,,0.3346,0.3456,0.3235,-0.0221,0.0759,,,,,0.2122,0.2587,0.3394,0.5021,0.02922,-0.031472,0.056832,-0.022048,,,,,,0,0,,,61.27,,,0.47,,,,,72.89,80.53,97.66,,0.0,40.0,2
2026-06-11,PEP,30-45,,0.2849,0.2697,0.295,0.0253,0.0808,0.4485,0.4025,,,0.1872,0.2041,0.203,0.5195,0.013003,-0.038656,0.09576,-0.041893,,,,,,0,0,,,36.45,,,1.34,,,,,144.64,150.3,147.41,,1.0,28.0,5
2026-06-11,PFE,30-45,,0.2196,0.224,0.2152,-0.0088,0.0581,0.4044,0.4257,,,0.196,0.1615,0.1918,0.5017,0.083691,-0.007372,0.017155,-0.002183,,,,,,0,0,,,50.69,,,0.91,,,,,25.77,26.26,25.15,,1.0,48.0,4
2026-06-11,PCG,30-45,,0.3286,0.3242,0.333,0.0088,0.002,0.4936,0.4214,,,0.2934,0.3266,0.2734,0.5018,0.118798,-0.00563,0.013174,-0.004921,,,,,,0,0,,,53.16,,,0.68,,,,,16.48,16.84,16.32,,1.0,-49.0,6
2026-06-11,PM,30-45,,0.3392,0.2843,0.3721,0.0878,0.0739,0.4809,0.4468,,,0.2396,0.2653,0.3306,0.4915,0.011857,-0.080694,0.162132,-0.071927,,,,,,0,0,,,30.29,,,0.99,,,,,182.53,171.27,164.03,,1.0,41.0,8
2026-06-11,PSX,30-45,,0.3866,0.4029,0.3663,-0.0366,0.1074,0.4692,0.4446,,,0.2139,0.2792,0.3381,0.4909,0.009252,-0.068493,0.133701,-0.018225,,,,,,0,0,,,45.12,,,0.94,,,,,178.28,171.49,148.18,,1.0,43.0,9
2026-06-11,PNW,30-45,,0.2273,0.2347,0.22,-0.0147,0.0165,,,,,0.2632,0.2108,0.1833,0.5031,0.022547,-0.027747,0.067005,-0.013753,,,,,,0,0,,,53.64,,,0.58,,,,,100.77,101.18,92.96,,1.0,-38.0,2
2026-06-11,PNC,30-45,,0.2831,0.2631,0.2991,0.036,0.0414,0.367,0.3815,,,0.2952,0.2417,0.2135,0.5091,0.00821,-0.067517,0.159284,-0.009984,,,,,,0,0,,,74.25,,,1.06,,,,,219.48,219.3,206.12,,1.0,34.0,9
2026-06-11,POOL,30-45,,0.4151,0.4199,0.4103,-0.0096,0.0656,,,,,0.3797,0.3495,0.3564,0.5002,0.008246,-0.083005,0.131824,-0.013412,,,,,,0,0,,,67.61,,,0.95,,,,,181.58,198.46,242.33,,0.0,42.0,4
2026-06-11,PPG,30-45,,0.3376,0.364,0.298,-0.066,0.0595,0.3764,0.3841,,,0.2634,0.2781,0.3648,0.4974,0.02073,-0.048641,0.107547,-0.005395,,,,,,0,0,,,82.06,,,0.85,,,,,109.4,108.54,106.37,,1.0,47.0,15
2026-06-11,PPL,30-45,,0.2191,0.2255,0.2127,-0.0128,0.0185,,,,,0.2062,0.2006,0.1847,0.5018,0.070455,-0.008171,0.022797,-0.006706,,,,,,0,0,,,55.0,,,0.66,,,,,35.45,37.19,36.29,,1.0,49.0,2
2026-06-11,PFG,30-45,,0.2439,0.2222,0.2656,0.0434,0.0656,,,,,0.2086,0.1783,0.1933,0.5002,0.030318,-0.041573,0.100809,-0.005145,,,,,,0,0,,,72.84,,,1.29,,,,,102.64,98.39,88.22,,1.0,46.0,2
2026-06-11,PG,30-45,,0.2324,0.2179,0.247,0.0291,-0.0188,0.2986,0.2922,,,0.3381,0.2512,0.2281,0.4991,0.017791,-0.037904,0.115366,-0.00902,,,,,,0,0,,,62.76,,,0.84,,,,,143.3,144.0,147.44,,0.0,48.0,10
2026-06-11,PGR,30-45,,0.298,0.2963,0.2996,0.0033,0.0364,0.4188,0.3949,,,0.3304,0.2616,0.231,0.4993,0.008309,-0.058687,0.132598,-0.028024,,,,,,0,0,,,46.37,,,0.58,,,,,198.1,198.87,209.49,,0.0,34.0,6
2026-06-11,PLD,30-45,,0.2741,0.2844,0.2637,-0.0207,0.0496,,,,,0.2847,0.2245,0.2134,0.4998,0.013787,-0.040567,0.08976,-0.025633,,,,,,0,0,,,60.35,,,0.5,,,,,143.56,141.23,128.81,,1.0,35.0,2
2026-06-11,PRU,30-45,,0.2558,0.2635,0.2481,-0.0154,0.0508,,,,,0.2292,0.205,0.2303,0.4997,0.019467,-0.028607,0.063737,-0.004585,,,,,,0,0,,,63.58,,,0.7,,,,,101.94,98.87,101.57,,0.0,48.0,2
2026-06-11,PEG,30-45,,0.2324,0.2257,0.239,0.0133,0.0118,,,,,0.2631,0.2206,0.2177,0.4974,0.034739,-0.021804,0.057722,-0.0189,,,,,,0,0,,,57.27,,,0.82,,,,,77.57,78.96,79.86,,0.0,54.0,2
2026-06-11,PTC,30-45,,0.3897,0.4168,0.3355,-0.0813,0.0991,,,,,0.3194,0.2906,0.3161,0.4699,0.014088,-0.07246,0.10804,0.005152,,,,,,0,0,,,37.56,,,0.91,,,,,141.81,140.53,169.27,,0.0,55.0,3
2026-06-11,PSA,30-45,,0.26,0.2388,0.2812,0.0424,-0.009,,,,,0.2775,0.269,0.275,0.497,0.007155,-0.118261,0.240829,-0.094842,,,,,,0,0,,,73.57,,,1.64,,,,,304.07,300.93,284.85,,1.0,-45.0,4
2026-06-11,PHM,30-45,,0.3992,0.4036,0.3947,-0.0089,0.1194,0.4108,0.4333,,,0.2342,0.2798,0.3398,0.49,0.01665,-0.054095,0.108768,-0.018506,,,,,,0,0,,,83.77,,,0.61,,,,,116.4,119.36,124.66,,0.0,41.0,18
2026-06-11,PWR,30-45,,0.516,0.5587,0.452,-0.1067,0.1689,,,,,0.3177,0.3471,0.4562,0.5069,0.002207,-0.369758,0.482949,-0.009767,,,,,,0,0,,,42.61,,,1.25,,,,,723.06,674.27,512.83,,1.0,49.0,10
2026-06-11,QCOM,30-45,,0.8512,0.9025,0.7886,-0.1139,-0.1434,0.8833,0.8596,,,0.9663,0.9946,0.7692,0.4973,0.005135,-0.183217,0.174698,-0.048868,,,,,,0,0,,,52.99,,,0.79,,,,,222.83,180.05,163.41,,1.0,48.0,20
2026-06-11,DGX,30-45,,0.3551,,,,0.1418,,,,,0.2514,0.2133,0.2229,,0.010944,-0.053756,0.126652,0.006422,,,,,,0,0,,,71.45,,,0.73,,,,,193.87,194.29,187.74,,1.0,40.0,27
2026-06-11,Q,30-45,,0.6459,0.7238,0.568,-0.1558,-0.0047,,,,,0.4977,0.6506,0.5607,0.508,0.009521,-0.112532,0.118032,-0.005874,,,,,,0,0,,,49.56,,,0.82,,,,,,,,,,61.0,6
2026-06-11,RL,30-45,,0.3672,0.3598,0.3746,0.0148,-0.176,,,,,0.3322,0.5432,0.4612,0.4994,0.00491,-0.143048,0.26641,-0.039581,,,,,,0,0,,,79.28,,,0.87,,,,,357.9,362.45,345.2,,1.0,56.0,6
2026-06-11,RJF,30-45,,0.2854,0.2895,0.2771,-0.0124,0.025,,,,,0.3304,0.2604,0.2464,0.4687,0.012891,-0.043809,0.094178,-0.026806,,,,,,0,0,,,50.65,,,0.44,,,,,149.93,151.07,158.49,,0.0,41.0,3
2026-06-11,RTX,30-45,,0.3232,0.319,0.3275,0.0085,0.0574,0.4295,0.4286,,,0.3064,0.2658,0.2562,0.4982,0.011237,-0.060078,0.13573,-0.042675,,,,,,0,0,,,62.4,,,1.05,,,,,176.54,182.38,180.37,,1.0,40.0,8
2026-06-11,O,30-45,,0.1874,0.1889,0.1859,-0.003,0.0023,,,,,0.2286,0.1851,0.1782,0.5003,0.042295,-0.0164,0.0398,-0.00461,,,,,,0,0,,,46.04,,,0.85,,,,,61.08,62.11,59.34,,1.0,53.0,2
2026-06-11,REG,30-45,,0.1842,0.1544,0.214,0.0596,0.0199,,,,,0.1955,0.1643,0.1565,0.5036,0.041386,-0.027429,0.069086,-0.034329,,,,,,0,0,,,63.08,,,1.0,,,,,77.53,78.23,72.83,,1.0,48.0,2
2026-06-11,REGN,30-45,,0.3248,0.3423,0.3055,-0.0368,-0.1232,0.4663,0.4192,,,0.309,0.448,0.3461,0.5075,0.002972,-0.192358,0.41378,-0.230036,,,,,,0,0,,,45.05,,,0.64,,,,,638.42,700.03,694.9,,1.0,49.0,19
2026-06-11,RF,30-45,,0.3106,0.32,0.3012,-0.0188,0.0724,,,,,0.2815,0.2382,0.2261,0.502,0.076908,-0.01285,0.022608,0.002262,,,,,,0,0,,,70.57,,,0.79,,,,,27.52,27.46,26.47,,1.0,36.0,2
2026-06-11,RSG,30-45,,0.2403,,0.2403,,-0.0106,,,,,0.2495,0.2509,0.2207,0.4023,0.009988,-0.052677,0.126488,-0.067912,,,,,,0,0,,,43.38,,,0.78,,,,,207.15,208.84,215.95,,0.0,47.0,1
2026-06-11,RMD,30-45,,0.2951,0.3101,0.2801,-0.03,-0.0582,,,,,0.4689,0.3533,0.2782,0.5018,0.010391,-0.070058,0.137406,-0.050861,,,,,,0,0,,,38.95,,,0.53,,,,,199.43,211.1,244.24,,0.0,-42.0,2
2026-06-11,RVTY,30-45,,0.432,0.4759,0.3881,-0.0878,0.0399,,,,,0.4637,0.3921,0.4234,0.5048,0.017305,-0.055365,0.08176,-0.007665,,,,,,0,0,,,65.24,,,0.62,,,,,98.44,93.93,95.09,,0.0,46.0,4
2026-06-11,HOOD,30-45,,0.7083,0.7687,0.6238,-0.1449,-0.0933,0.7673,0.7406,,,1.0327,0.8016,0.7341,0.5024,0.014766,-0.076914,0.086716,-0.003544,,,,,,0,0,,,59.36,,,1.47,,,,,81.16,79.18,103.05,,0.0,48.0,24
2026-06-11,ROK,30-45,,0.3645,0.3766,0.3524,-0.0242,0.0807,,,,,0.2432,0.2838,0.333,0.5017,0.004162,-0.161265,0.303033,-0.030235,,,,,,0,0,,,72.98,,,0.89,,,,,450.77,423.3,387.26,,1.0,56.0,4
2026-06-11,ROL,30-45,,0.294,0.3051,0.283,-0.0221,-0.0299,,,,,0.4147,0.3239,0.2464,0.4992,0.044479,-0.0188,0.0334,0.0094,,,,,,0,0,,,26.32,,,0.58,,,,,50.17,52.8,56.96,,0.0,-50.0,2
2026-06-11,ROP,30-45,,0.3708,0.3723,0.3694,-0.0029,0.0625,,,,,0.3445,0.3083,0.2573,0.5002,0.005516,-0.134622,0.242505,-0.039705,,,,,,0,0,,,55.06,,,0.93,,,,,327.21,343.54,410.56,,0.0,40.0,4
2026-06-11,ROST,30-45,,0.2956,0.2969,0.2943,-0.0026,-0.0993,0.3939,0.3998,,,0.3411,0.3949,0.3008,0.4998,0.007777,-0.06547,0.15194,-0.008821,,,,,,0,0,,,64.18,,,0.75,,,,,223.75,223.53,187.48,,1.0,70.0,6
2026-06-11,RCL,30-45,,0.517,0.5284,0.5038,-0.0246,0.1067,0.594,0.5615,,,0.4211,0.4103,0.4818,0.4939,0.004884,-0.141678,0.209395,-0.027369,,,,,,0,0,,,69.52,,,0.56,,,,,270.7,270.15,288.96,,0.0,47.0,13
2026-06-11,SPGI,30-45,,0.308,0.3171,0.2988,-0.0183,0.0196,0.3832,0.3713,,,0.2562,0.2884,0.2564,0.501,0.004505,-0.130723,0.308677,-0.081011,,,,,,0,0,,,60.2,,,0.67,,,,,415.58,424.35,470.84,,0.0,49.0,16
2026-06-11,CRM,30-45,,0.4592,0.4773,0.4365,-0.0408,-0.1483,0.5492,0.5302,,,0.7862,0.6075,0.5006,0.4917,0.007757,-0.07209,0.118287,-0.025751,,,,,,0,0,,,47.45,,,0.68,,,,,182.08,181.03,218.67,,0.0,83.0,9
2026-06-11,SNDK,30-45,,1.1097,1.1762,1.0377,-0.1385,0.2527,1.1231,1.1246,,,0.8724,0.857,0.9371,0.501,0.00054,-2.369024,1.719169,-0.409123,,,,,,0,0,,,62.84,,,0.91,,,,,1568.44,1234.51,548.75,,1.0,74.0,177
2026-06-11,SBAC,30-45,,0.3971,0.3841,0.4101,0.026,0.0249,,,,,0.4512,0.3722,0.496,0.4982,0.007728,-0.088994,0.144353,-0.024319,,,,,,0,0,,,48.39,,,0.8,,,,,203.13,208.97,194.19,,1.0,-43.0,2
2026-06-11,SLB,30-45,,0.4033,0.3841,0.4224,0.0383,0.0646,0.4268,0.4247,,,0.4437,0.3387,0.3439,0.4979,0.035575,-0.025454,0.051007,-0.006796,,,,,,0,0,,,47.76,,,0.79,,,,,56.09,54.27,43.86,,1.0,43.0,12
2026-06-11,STX,30-45,,0.8871,0.9523,0.8104,-0.1419,0.2731,0.9231,0.9134,,,0.6236,0.614,0.6495,0.4989,0.001199,-0.846963,0.763119,-0.115026,,,,,,0,0,,,65.54,,,0.99,,,,,843.57,691.84,394.12,,1.0,47.0,74
2026-06-11,SRE,30-45,,0.2977,0.2823,0.3132,0.0309,0.0484,,,,,0.2864,0.2493,0.2162,0.5023,0.022935,-0.03218,0.065435,-0.03386,,,,,,0,0,,,48.61,,,0.55,,,,,90.64,93.33,89.98,,1.0,56.0,2
2026-06-11,NOW,30-45,,0.7374,0.8154,0.5684,-0.247,-0.1732,0.7237,0.722,,,1.162,0.9106,0.7968,0.487,0.012016,-0.087428,0.099261,-0.01037,,,,,,0,0,,,53.17,,,0.56,,,,,108.03,99.31,139.33,,0.0,41.0,19
2026-06-11,SHW,30-45,,0.3192,0.3275,0.3109,-0.0166,0.0403,,,,,0.3115,0.2789,0.3041,0.4999,0.005892,-0.097703,0.191232,-0.061259,,,,,,0,0,,,60.18,,,0.77,,,,,303.58,317.05,334.79,,0.0,40.0,4
2026-06-11,SPG,30-45,,0.3463,,,,0.1235,,,,,0.2318,0.2228,0.2151,,0.008943,-0.04648,0.108407,0.01723,,,,,,0,0,,,73.22,,,0.83,,,,,202.58,199.66,184.98,,1.0,53.0,30
2026-06-11,SWKS,30-45,,0.6184,0.668,0.5439,-0.1241,-0.1098,,,,,0.683,0.7282,0.5894,0.5265,0.020884,-0.056726,0.061868,0.000271,,,,,,0,0,,,54.28,,,0.75,,,,,75.2,66.35,65.17,,1.0,54.0,5
2026-06-11,SJM,30-45,,0.2987,0.3065,0.2829,-0.0236,-0.1214,,,,,0.5511,0.4201,0.2959,0.4702,0.017704,-0.033733,0.075329,-0.007671,,,,,,0,0,,,66.69,,,0.97,,,,,102.41,97.67,101.34,,0.0,77.0,3
2026-06-11,SW,30-45,,0.4728,0.4561,0.4895,0.0334,0.0845,,,,,0.2791,0.3883,0.4383,0.4968,0.032669,-0.017192,0.025046,-0.016054,,,,,,0,0,,,80.08,,,1.45,,,,,39.75,40.04,40.44,,0.0,48.0,2
2026-06-11,SNA,30-45,,0.2518,0.2796,0.1963,-0.0833,0.0826,,,,,0.1572,0.1692,0.2386,0.5393,0.007312,-0.154762,0.291462,0.103219,,,,,,0,0,,,81.14,,,0.77,,,,,369.94,372.4,352.94,,1.0,35.0,3
2026-06-11,SOLV,30-45,,0.3011,0.4069,0.1953,-0.2116,-0.0224,,,,,0.4153,0.3235,0.2971,0.5218,0.028475,-0.051525,0.068575,0.017733,,,,,,0,0,,,70.44,,,0.4,,,,,76.95,71.59,74.22,,0.0,-37.0,2
2026-06-11,SO,30-45,,0.2291,0.2347,0.2236,-0.0111,0.0243,0.2787,0.2711,,,0.2583,0.2048,0.1925,0.501,0.0327,-0.024612,0.077847,-0.006805,,,,,,0,0,,,45.62,,,0.8,,,,,92.54,93.54,91.13,,1.0,49.0,10
2026-06-11,LUV,30-45,,0.5181,0.4934,0.5379,0.0445,0.1166,0.5421,0.5565,,,0.3903,0.4015,0.4431,0.5074,0.038884,-0.026202,0.039843,-0.004357,,,,,,0,0,,,73.32,,,0.66,,,,,41.03,40.12,38.79,,1.0,41.0,9
2026-06-11,SWK,30-45,,0.41,0.4417,0.3782,-0.0635,0.1735,,,,,0.1805,0.2365,0.4003,0.5053,0.02135,-0.036275,0.056447,-0.010256,,,,,,0,0,,,77.86,,,1.46,,,,,76.95,75.03,73.86,,1.0,47.0,4
2026-06-11,SBUX,30-45,,0.3102,0.3115,0.3088,-0.0027,0.0985,0.3474,0.3454,,,0.2596,0.2117,0.325,0.4988,0.023978,-0.0346,0.086631,-0.005165,,,,,,0,0,,,26.16,,,1.07,,,,,100.93,99.76,90.46,,1.0,47.0,12
2026-06-11,STT,30-45,,0.3474,0.3448,0.35,0.0052,0.1262,,,,,0.2346,0.2212,0.227,0.4999,0.012291,-0.066237,0.121544,-0.003603,,,,,,0,0,,,75.03,,,1.39,,,,,156.91,149.39,127.64,,1.0,35.0,4
2026-06-11,STLD,30-45,,0.4854,0.4743,0.4965,0.0222,0.1551,,,,,0.2965,0.3303,0.3335,0.4986,0.005769,-0.141957,0.207209,-0.041091,,,,,,0,0,,,84.69,,,1.09,,,,,251.23,226.7,178.75,,1.0,40.0,4
2026-06-11,STE,30-45,,0.253,0.2433,0.2626,0.0193,0.0171,,,,,0.1652,0.2359,0.2318,0.4983,0.009211,-0.052067,0.117433,-0.029522,,,,,,0,0,,,48.34,,,0.69,,,,,212.83,216.03,239.17,,0.0,55.0,2
2026-06-11,SYK,30-45,,0.3165,0.2997,0.3334,0.0337,0.0017,,,,,0.3309,0.3148,0.2979,0.499,0.005415,-0.094295,0.18795,-0.117637,,,,,,0,0,,,47.34,,,0.47,,,,,307.3,316.12,352.16,,0.0,49.0,2
2026-06-11,SMCI,30-45,,0.975,1.0555,0.8945,-0.161,0.0212,0.9738,0.9447,,,1.1809,0.9538,1.2291,0.4933,0.03025,-0.031957,0.025597,-0.009473,,,,,,0,0,,,64.89,,,3.79,,,,,38.96,31.97,35.98,,0.0,54.0,12
2026-06-11,SYF,30-45,,0.3346,0.3542,0.315,-0.0392,0.0676,,,,,0.2753,0.267,0.2671,0.5018,0.032164,-0.032655,0.057368,0.000764,,,,,,0,0,,,63.36,,,0.58,,,,,71.09,72.68,73.77,,0.0,40.0,2
2026-06-11,SNPS,30-45,,0.4992,0.5602,0.4259,-0.1343,0.0141,0.6134,0.5833,,,0.6195,0.4851,0.457,0.5004,0.003302,-0.28348,0.399395,0.026607,,,,,,0,0,,,42.58,,,0.75,,,,,497.64,472.79,463.85,,1.0,-15.0,22
2026-06-11,SYY,30-45,,0.2486,0.2212,0.2623,0.0411,0.0379,,,,,0.2396,0.2107,0.4064,0.4617,0.033391,-0.024948,0.058391,-0.003622,,,,,,0,0,,,59.75,,,0.84,,,,,75.07,74.31,77.58,,0.0,47.0,3
2026-06-11,TMUS,30-45,,0.3358,0.3428,0.3288,-0.014,0.0915,0.4612,0.4437,,,0.2473,0.2443,0.277,0.5013,0.009713,-0.06109,0.133616,-0.032505,,,,,,0,0,,,23.73,,,1.08,,,,,186.18,190.99,207.06,,0.0,41.0,8
2026-06-11,TROW,30-45,,0.3266,,0.3266,,0.1705,,,,,0.1788,0.1561,0.1868,0.5001,0.020755,-0.0399,0.07664,-0.02753,,,,,,0,0,,,69.17,,,1.52,,,,,103.77,100.2,99.33,,1.0,50.0,2
2026-06-11,TTWO,30-45,,0.4076,0.4178,0.3974,-0.0204,0.0326,0.4912,0.5115,,,0.2615,0.375,0.3177,0.5013,0.006426,-0.080016,0.142344,-0.032825,,,,,,0,0,,,23.34,,,0.69,,,,,226.12,217.1,231.32,,0.0,60.0,8
2026-06-11,TPR,30-45,,0.4059,0.408,0.4035,-0.0045,0.0823,0.4499,0.4446,,,0.3941,0.3236,0.4394,0.4968,0.014298,-0.070042,0.136509,-0.015727,,,,,,0,0,,,71.93,,,0.75,,,,,137.72,141.8,127.81,,1.0,-35.0,25
2026-06-11,TRGP,30-45,,0.3317,0.33,0.3335,0.0035,0.0612,,,,,0.2512,0.2705,0.2748,0.4988,0.006833,-0.091003,0.177807,0.010533,,,,,,0,0,,,38.21,,,0.65,,,,,266.68,253.4,202.05,,1.0,56.0,4
2026-06-11,TGT,30-45,,0.3312,0.3372,0.3252,-0.012,0.0291,0.3684,0.3781,,,0.2548,0.3021,0.2915,0.5005,0.017202,-0.047083,0.110373,-0.003558,,,,,,0,0,,,48.79,,,0.5,,,,,124.68,124.34,104.53,,1.0,69.0,16
2026-06-11,TEL,30-45,,0.4546,0.4729,0.4363,-0.0366,0.1083,,,,,0.3449,0.3463,0.4093,0.5031,0.007421,-0.105497,0.1467,-0.000166,,,,,,0,0,,,65.44,,,1.02,,,,,208.03,214.16,220.3,,0.0,41.0,4
2026-06-11,TDY,30-45,,0.3148,0.332,0.2889,-0.0431,0.0219,,,,,0.3324,0.2929,0.2765,0.4845,0.003966,-0.217276,0.471458,-0.08807,,,,,,0,0,,,54.53,,,0.65,,,,,618.43,631.11,585.7,,1.0,41.0,5
2026-06-11,TER,30-45,,0.8687,0.9154,0.8119,-0.1035,0.0929,0.8624,0.8741,,,0.8563,0.7758,0.8521,0.4975,0.00287,-0.343393,0.324233,-0.06038,,,,,,0,0,,,61.11,,,1.04,,,,,366.22,361.19,243.9,,1.0,48.0,31
2026-06-11,TSLA,30-45,,0.5155,0.5488,0.474,-0.0748,0.0458,0.623,0.613,,,0.5268,0.4697,0.4431,0.501,0.002846,-0.171679,0.244869,-0.061662,,,,,,0,0,,,47.25,,,1.03,,,,,421.91,397.57,415.33,,0.0,41.0,27
2026-06-11,TXN,30-45,,0.5777,0.5985,0.5569,-0.0416,0.0992,0.5927,0.6477,,,0.5231,0.4785,0.5172,0.5023,0.003907,-0.148284,0.206815,-0.065399,,,,,,0,0,,,44.01,,,0.89,,,,,304.02,267.79,204.96,,1.0,41.0,16
2026-06-11,TPL,30-45,,0.5043,0.5369,0.4716,-0.0653,-0.0034,,,,,0.6822,0.5077,0.5737,0.5036,0.003443,-0.192203,0.256046,-0.024575,,,,,,0,0,,,45.75,,,0.87,,,,,392.46,413.87,368.67,,1.0,55.0,6
2026-06-11,TXT,30-45,,0.2929,0.3088,0.277,-0.0318,0.054,,,,,0.1996,0.2389,0.281,0.4998,0.025904,-0.03507,0.071033,-0.008374,,,,,,0,0,,,71.49,,,0.92,,,,,91.05,90.83,88.16,,1.0,42.0,4
2026-06-11,TMO,30-45,,0.3527,0.365,0.3403,-0.0247,-0.0204,0.4068,0.4116,,,0.4728,0.3731,0.3636,0.5021,0.003906,-0.170221,0.374919,-0.047898,,,,,,0,0,,,69.53,,,0.6,,,,,464.45,479.65,526.08,,0.0,41.0,16
2026-06-11,TJX,30-45,,0.2271,0.2335,0.2187,-0.0148,-0.0573,0.3465,0.3662,,,0.2574,0.2844,0.2373,0.5152,0.014559,-0.040952,0.114374,-0.003448,,,,,,0,0,,,72.14,,,1.03,,,,,155.32,156.6,150.6,,1.0,69.0,7
2026-06-11,TKO,30-45,,0.3625,0.3563,0.3687,0.0124,0.0014,,,,,0.4186,0.3611,0.3152,0.4988,0.008017,-0.078222,0.137547,-0.031256,,,,,,0,0,,,62.3,,,0.55,,,,,196.68,192.62,196.33,,0.0,55.0,2
2026-06-11,TTD,30-45,,0.7028,0.7089,0.6967,-0.0122,0.0374,0.7144,0.6959,,,0.7819,0.6654,0.6152,0.5005,0.062537,-0.015634,0.018622,-0.003653,,,,,,0,0,,,43.78,,,0.97,,,,,21.19,22.06,34.84,,0.0,56.0,12
2026-06-11,TSCO,30-45,,0.5154,0.5115,0.5192,0.0077,0.0962,0.5399,0.5469,,,0.4273,0.4192,0.4316,0.499,0.050541,-0.016995,0.027985,-0.006068,,,,,,0,0,,,44.51,,,0.84,,,,,30.53,35.67,48.73,,0.0,-51.0,6
2026-06-11,TT,30-45,,0.3388,0.3387,0.339,0.0003,0.0708,,,,,0.2251,0.268,0.3077,0.5,0.003932,-0.156595,0.297634,-0.078982,,,,,,0,0,,,66.14,,,0.96,,,,,458.3,463.08,427.42,,1.0,48.0,4
2026-06-11,TDG,30-45,,0.3121,0.3158,0.3084,-0.0074,0.015,,,,,0.3466,0.2971,0.3316,0.5007,0.002191,-0.462677,1.029696,-0.040496,,,,,,0,0,,,64.63,,,0.55,,,,,1217.32,1206.36,1283.64,,0.0,54.0,12
2026-06-11,TRV,30-45,,0.2721,0.2742,0.2699,-0.0043,0.0556,,,,,0.2776,0.2165,0.1919,0.5011,0.006338,-0.085824,0.182394,-0.052612,,,,,,0,0,,,44.53,,,0.69,,,,,298.98,299.71,287.43,,1.0,35.0,4
2026-06-11,TRMB,30-45,,0.4056,0.4663,0.3449,-0.1214,0.0961,,,,,0.3576,0.3095,0.3359,0.5016,0.034009,-0.031418,0.040145,-0.004055,,,,,,0,0,,,43.33,,,1.03,,,,,55.48,61.8,72.4,,0.0,55.0,2
2026-06-11,TFC,30-45,,0.3256,0.3774,0.2738,-0.1036,0.0624,,,,,0.3128,0.2632,0.2357,0.5123,0.044856,-0.02605,0.040325,0.00915,,,,,,0,0,,,64.06,,,0.94,,,,,47.94,48.69,46.91,,1.0,36.0,2
2026-06-11,TYL,30-45,,0.5074,0.5236,0.4831,-0.0405,0.0746,,,,,0.489,0.4328,0.3691,0.4828,0.004623,-0.16697,0.223832,-0.039268,,,,,,0,0,,,43.37,,,1.76,,,,,310.61,324.37,416.53,,0.0,48.0,5
2026-06-11,TSN,30-45,,0.3016,0.3009,0.3023,0.0014,-0.0254,,,,,0.4289,0.327,0.3116,0.4998,0.034333,-0.020621,0.038517,-0.004962,,,,,,0,0,,,20.48,,,0.92,,,,,62.29,63.74,58.46,,1.0,53.0,2
2026-06-11,USB,30-45,,0.3051,0.2675,0.3351,0.0676,0.03,0.3522,0.3254,,,0.3287,0.2751,0.2239,0.5064,0.038725,-0.018415,0.044337,-0.000544,,,,,,0,0,,,63.0,,,1.33,,,,,54.37,55.05,51.7,,1.0,35.0,9
2026-06-11,UBER,30-45,,0.3656,0.3856,0.3455,-0.0401,0.0934,0.4135,0.3875,,,0.326,0.2722,0.3488,0.5025,0.029376,-0.028814,0.059162,-0.004096,,,,,,0,0,,,37.54,,,1.06,,,,,72.44,73.7,82.86,,0.0,55.0,12
2026-06-11,UDR,30-45,,0.3084,0.2225,0.3943,0.1718,0.0871,,,,,0.2862,0.2213,0.2152,0.4778,0.049845,-0.014964,0.026455,0.002518,,,,,,0,0,,,64.81,,,0.57,,,,,37.79,36.29,35.83,,1.0,48.0,2
2026-06-11,ULTA,30-45,,0.3601,0.3608,0.3593,-0.0015,0.0148,0.4482,0.4239,,,0.38,0.3453,0.3033,0.5004,0.003736,-0.166958,0.349597,-0.156563,,,,,,0,0,,,48.67,,,0.81,,,,,491.99,519.49,565.93,,0.0,77.0,22
2026-06-11,UNP,30-45,,0.2981,0.3082,0.288,-0.0202,0.012,0.4192,0.3956,,,0.3558,0.2861,0.2643,0.5006,0.007418,-0.076843,0.185485,-0.030945,,,,,,0,0,,,51.0,,,0.59,,,,,267.35,260.21,238.26,,1.0,42.0,10
2026-06-11,UAL,30-45,,0.6035,0.6234,0.5805,-0.0429,0.0504,0.583,0.6157,,,0.4852,0.5531,0.5419,0.4955,0.014227,-0.075566,0.102055,-0.012194,,,,,,0,0,,,74.67,,,0.96,,,,,103.35,97.92,101.88,,0.0,-51.0,28
2026-06-11,UPS,30-45,,0.328,0.3471,0.3088,-0.0383,0.1067,0.354,0.3695,,,0.2167,0.2213,0.3266,0.5017,0.021615,-0.036595,0.088164,-0.016141,,,,,,0,0,,,80.63,,,0.78,,,,,103.27,101.77,96.19,,1.0,47.0,14
2026-06-11,URI,30-45,,0.4075,0.4264,0.3873,-0.0391,0.0761,0.4467,0.4944,,,0.3339,0.3314,0.5033,0.4989,0.001482,-0.422044,0.76919,0.004903,,,,,,0,0,,,88.84,,,0.94,,,,,992.83,906.67,877.14,,1.0,41.0,29
2026-06-11,UNH,30-45,,0.3619,0.3621,0.3617,-0.0004,0.0778,0.3987,0.4276,,,0.2773,0.2841,0.3312,0.4935,0.003653,-0.123867,0.257553,-0.037757,,,,,,0,0,,,65.94,,,0.9,,,,,389.62,357.34,327.49,,1.0,47.0,15
2026-06-11,UHS,30-45,,0.3656,0.3531,0.378,0.0249,0.1052,,,,,0.3281,0.2604,0.3262,0.4973,0.012994,-0.060672,0.110503,-0.044706,,,,,,0,0,,,24.71,,,0.45,,,,,154.98,167.61,198.76,,0.0,46.0,4
2026-06-11,VLO,30-45,,0.4371,0.4093,0.4569,0.0476,0.0922,0.4768,0.4666,,,0.259,0.3449,0.3993,0.4969,0.006889,-0.134843,0.239465,-0.058442,,,,,,0,0,,,44.31,,,0.76,,,,,250.84,244.09,195.95,,1.0,49.0,12
2026-06-11,VEEV,30-45,,0.4775,0.5207,0.4127,-0.108,-0.0168,,,,,0.6344,0.4943,0.4617,0.4871,0.009845,-0.103326,0.131382,0.009934,,,,,,0,0,,,53.42,,,0.63,,,,,167.03,165.78,222.02,,0.0,83.0,5
2026-06-11,VTR,30-45,,0.2519,0.2243,0.2794,0.0551,-0.0589,,,,,0.3938,0.3108,0.2519,0.496,0.029744,-0.026978,0.063219,-0.029026,,,,,,0,0,,,34.35,,,0.82,,,,,85.25,85.16,78.2,,1.0,-45.0,2
2026-06-11,VLTO,30-45,,0.2906,0.2836,0.2976,0.014,0.0787,,,,,0.2661,0.2119,0.2166,0.4971,0.020465,-0.03296,0.054435,-0.031865,,,,,,0,0,,,48.93,,,0.61,,,,,85.1,87.39,96.45,,0.0,42.0,2
2026-06-11,VRSN,30-45,,0.3217,0.3257,0.3177,-0.008,-0.0118,,,,,0.3878,0.3335,0.3142,0.5004,0.006061,-0.097384,0.185453,-0.065253,,,,,,0,0,,,34.82,,,1.2,,,,,296.87,281.0,257.07,,1.0,42.0,2
2026-06-11,VRSK,30-45,,0.4024,0.4092,0.3956,-0.0136,0.0368,,,,,0.3296,0.3656,0.3701,0.5004,0.010188,-0.090171,0.147847,-0.035594,,,,,,0,0,,,69.8,,,0.96,,,,,173.26,175.7,210.2,,0.0,48.0,6
2026-06-11,VZ,30-45,,0.2726,0.222,0.3232,0.1012,0.0521,0.4201,0.3702,,,0.243,0.2205,0.2071,0.4892,0.057289,-0.017937,0.042736,-0.006783,,,,,,0,0,,,32.37,,,0.89,,,,,47.15,47.14,43.39,,1.0,43.0,8
2026-06-11,VRTX,30-45,,0.2996,0.3077,0.2915,-0.0162,0.0338,0.4283,0.4041,,,0.2984,0.2658,0.2384,0.5011,0.004128,-0.130084,0.299145,-0.06925,,,,,,0,0,,,57.88,,,0.73,,,,,439.35,436.85,437.87,,0.0,53.0,14
2026-06-11,VRT,30-45,,0.7146,0.7588,0.6617,-0.0971,0.2092,0.73,0.7331,,,0.4907,0.5054,0.5984,0.4972,0.00362,-0.19792,0.223113,-0.045847,,,,,,0,0,,,33.01,,,1.13,,,,,327.55,316.45,218.1,,1.0,48.0,22
2026-06-11,VTRS,30-45,,0.3938,0.3996,0.3879,-0.0117,0.1026,,,,,0.2299,0.2912,0.3259,0.501,0.124347,-0.00772,0.012733,-0.002327,,,,,,0,0,,,52.48,,,0.84,,,,,16.24,15.24,12.59,,1.0,56.0,2
2026-06-11,VICI,30-45,,0.4751,,,,0.2826,,,,,0.227,0.1925,0.1966,,0.075162,-0.011069,0.018362,-0.008385,,,,,,0,0,,,44.93,,,0.88,,,,,28.06,28.23,28.86,,0.0,48.0,13
2026-06-11,V,30-45,,0.2513,0.2551,0.2475,-0.0076,0.0482,0.3948,0.3876,,,0.2302,0.2031,0.2509,0.5008,0.006439,-0.078969,0.211093,-0.068869,,,,,,0,0,,,44.65,,,0.72,,,,,324.64,317.76,328.64,,0.0,47.0,12
2026-06-11,VST,30-45,,0.5464,0.581,0.505,-0.076,0.0604,0.6205,0.5894,,,0.2866,0.486,0.5061,0.4966,0.009285,-0.077238,0.106587,-0.015331,,,,,,0,0,,,60.49,,,0.99,,,,,150.12,154.22,171.25,,0.0,56.0,11
2026-06-11,VMC,30-45,,0.2834,0.3017,0.2652,-0.0365,-0.027,,,,,0.3362,0.3104,0.2818,0.5026,0.006645,-0.078765,0.161477,-0.062161,,,,,,0,0,,,67.41,,,0.96,,,,,273.26,282.82,290.42,,0.0,49.0,4
2026-06-11,WRB,30-45,,0.2356,0.2245,0.2467,0.0222,-0.0354,,,,,0.3256,0.271,0.2246,0.4996,0.03392,-0.021555,0.045443,-0.01252,,,,,,0,0,,,44.77,,,0.66,,,,,66.45,66.47,69.87,,0.0,39.0,4
2026-06-11,GWW,30-45,,0.2433,0.2457,0.2408,-0.0049,0.074,,,,,0.1501,0.1693,0.2239,0.5003,0.001542,-0.347803,0.7462,0.222692,,,,,,0,0,,,83.24,,,0.89,,,,,1265.6,1198.44,1063.06,,1.0,54.0,4
2026-06-11,WAB,30-45,,0.2964,0.2937,0.299,0.0053,0.0501,,,,,0.2431,0.2463,0.2915,0.4994,0.00716,-0.07599,0.15439,0.009007,,,,,,0,0,,,63.43,,,0.72,,,,,260.96,262.27,228.26,,1.0,42.0,2
2026-06-11,WMT,30-45,,0.2673,0.2778,0.2552,-0.0226,-0.0905,0.3317,0.3186,,,0.2589,0.3578,0.2779,0.4936,0.020669,-0.035748,0.098176,-0.003816,,,,,,0,0,,,24.1,,,0.85,,,,,122.47,125.72,115.3,,1.0,70.0,13
2026-06-11,DIS,30-45,,0.2615,0.2552,0.2677,0.0125,0.0662,0.3378,0.3204,,,0.175,0.1953,0.2626,0.499,0.023245,-0.027107,0.075386,-0.018265,,,,,,0,0,,,38.25,,,0.85,,,,,102.31,102.28,107.38,,0.0,55.0,10
2026-06-11,WBD,30-45,,0.437,0.4661,0.379,-0.0871,0.3003,0.6712,0.4871,,,0.1712,0.1367,0.1118,0.5031,0.056937,-0.009663,0.017631,-0.009252,,,,,,0,0,,,39.77,,,0.63,,,,,27.0,27.15,24.7,,1.0,56.0,6
2026-06-11,WM,30-45,,0.2505,0.2445,0.2566,0.0121,0.0503,,,,,0.2383,0.2002,0.2,0.497,0.008592,-0.050319,0.121815,-0.030523,,,,,,0,0,,,49.87,,,1.02,,,,,216.66,222.37,219.67,,1.0,46.0,2
2026-06-11,WAT,30-45,,0.3831,0.4163,0.3499,-0.0664,-0.0277,,,,,0.4863,0.4108,0.4477,0.5026,0.004982,-0.146011,0.2585,-0.038434,,,,,,0,0,,,68.55,,,0.42,,,,,353.93,333.84,342.91,,0.0,48.0,4
2026-06-11,WEC,30-45,,0.201,0.2086,0.1934,-0.0152,0.0016,,,,,0.2231,0.1994,0.1825,0.5017,0.018941,-0.024486,0.062686,-0.021686,,,,,,0,0,,,54.74,,,0.52,,,,,111.34,113.29,110.13,,1.0,48.0,2
2026-06-11,WFC,30-45,,0.336,0.3492,0.3201,-0.0291,0.0984,0.3785,0.3899,,,0.2815,0.2376,0.2791,0.4934,0.025778,-0.031659,0.068989,-0.004962,,,,,,0,0,,,75.71,,,0.62,,,,,77.23,79.19,83.37,,0.0,33.0,11
2026-06-11,WELL,30-45,,0.2736,0.2559,0.2912,0.0353,-0.0572,,,,,0.4195,0.3308,0.2816,0.503,0.009134,-0.068321,0.136097,-0.046986,,,,,,0,0,,,39.48,,,0.78,,,,,209.88,209.22,192.16,,1.0,46.0,2
2026-06-11,WST,30-45,,0.329,0.3344,0.3235,-0.0109,0.0141,,,,,0.3275,0.3149,0.3579,0.501,0.005613,-0.110995,0.221497,-0.052342,,,,,,0,0,,,73.61,,,1.07,,,,,313.49,295.54,268.49,,1.0,42.0,4
2026-06-11,WDC,30-45,,0.9011,0.983,0.7934,-0.1896,0.2083,0.9346,0.9137,,,0.7596,0.6928,0.6901,0.4994,0.002053,-0.522567,0.466394,-0.061356,,,,,,0,0,,,62.44,,,0.91,,,,,513.73,437.48,247.73,,1.0,48.0,44
2026-06-11,WY,30-45,,0.2678,0.3147,0.221,-0.0937,0.0049,,,,,0.3127,0.2629,0.2549,0.4943,0.104582,-0.013753,0.021253,0.005194,,,,,,0,0,,,71.81,,,0.63,,,,,23.68,24.0,23.84,,1.0,42.0,2
2026-06-11,WSM,30-45,,0.3951,0.4225,0.3676,-0.0549,0.0104,,,,,0.3222,0.3847,0.3504,0.5042,0.007558,-0.087728,0.137964,0.017842,,,,,,0,0,,,84.78,,,0.69,,,,,193.29,189.25,191.97,,0.0,-21.0,2
2026-06-11,WMB,30-45,,0.2813,0.2706,0.292,0.0214,0.0227,0.3297,0.3142,,,0.2383,0.2586,0.2344,0.4984,0.037428,-0.024804,0.067009,-0.013882,,,,,,0,0,,,23.05,,,0.47,,,,,74.63,73.48,65.62,,1.0,53.0,6
2026-06-11,WTW,30-45,,0.313,0.3081,0.318,0.0099,0.013,,,,,0.3054,0.3,0.3559,0.4998,0.007266,-0.085203,0.179241,-0.101714,,,,,,0,0,,,57.35,,,0.94,,,,,254.57,270.11,306.75,,0.0,49.0,4
2026-06-11,WDAY,30-45,,0.5871,0.6318,0.5335,-0.0983,-0.0914,0.664,0.5954,,,0.8179,0.6785,0.6007,0.4978,0.011467,-0.102115,0.139884,-0.019198,,,,,,0,0,,,57.76,,,0.6,,,,,134.16,127.75,182.91,,0.0,70.0,33
2026-06-11,WYNN,30-45,,0.3847,0.3928,0.3767,-0.0161,0.0855,0.4274,0.4115,,,0.3384,0.2992,0.3163,0.5019,0.019703,-0.049115,0.099132,-0.007009,,,,,,0,0,,,78.23,,,1.01,,,,,100.46,102.9,113.96,,0.0,56.0,16
2026-06-11,XEL,30-45,,0.2797,,0.2797,,0.0381,,,,,0.2873,0.2416,0.2367,0.5807,0.026478,-0.028267,0.053128,-0.030794,,,,,,0,0,,,42.38,,,1.18,,,,,79.02,79.85,77.61,,1.0,49.0,1
2026-06-11,XYL,30-45,,0.2772,0.2881,0.2664,-0.0217,0.0985,,,,,0.147,0.1787,0.2531,0.5047,0.018109,-0.036513,0.072435,-0.025874,,,,,,0,0,,,69.35,,,0.87,,,,,109.1,116.01,132.12,,0.0,-44.0,2
2026-06-11,YUM,30-45,,0.2537,0.2571,0.2502,-0.0069,0.0367,,,,,0.2564,0.217,0.2212,0.4996,0.015293,-0.04535,0.101439,-0.011875,,,,,,0,0,,,50.38,,,0.76,,,,,150.26,154.49,151.51,,1.0,49.0,4
2026-06-11,ZBRA,30-45,,0.4527,0.4539,0.4515,-0.0024,-0.1255,,,,,0.3698,0.5782,0.4189,0.5002,0.00685,-0.103947,0.155717,-0.031797,,,,,,0,0,,,40.11,,,0.72,,,,,247.77,233.28,255.25,,0.0,54.0,2
2026-06-11,ZBH,30-45,,0.2853,0.295,0.2757,-0.0193,0.044,,,,,0.2182,0.2413,0.3425,0.5031,0.02065,-0.02693,0.053985,-0.013105,,,,,,0,0,,,64.71,,,0.72,,,,,84.8,87.42,92.75,,0.0,-44.0,2
2026-06-11,ZTS,30-45,,0.3869,0.3927,0.381,-0.0117,0.0683,,,,,0.3005,0.3186,0.5973,0.4994,0.01807,-0.027313,0.049343,-0.0318,,,,,,0,0,,,61.28,,,0.92,,,,,78.37,99.2,122.32,,0.0,54.0,2
