date,vix_close,vix_ret1d,vix_ret5d,vix9d_close,vix9d_ret1d,vix9d_ret5d,vix3m_close,vix3m_ret1d,vix3m_ret5d,spy_close,spy_ret1d,spy_ret5d,qqq_close,qqq_ret1d,qqq_ret5d,iwm_close,iwm_ret1d,iwm_ret5d,tlt_close,tlt_ret1d,tlt_ret5d,tnx_close,tnx_ret1d,tnx_ret5d,uup_close,uup_ret1d,uup_ret5d,gld_close,gld_ret1d,gld_ret5d,vix_term_spread,vix_backwardation,vix_above20,vix_above30,spy_golden_cross,spy_price_vs_ma200,spy_pcr_vol,spy_gex_call,spy_gex_put,spy_gex,qqq_gex_call,qqq_gex_put,qqq_gex,iwm_gex_call,iwm_gex_put,iwm_gex,sec_tech_ret1d,sec_tech_ret5d,sec_fin_ret1d,sec_fin_ret5d,sec_health_ret1d,sec_health_ret5d,sec_energy_ret1d,sec_energy_ret5d,sec_indus_ret1d,sec_indus_ret5d,sec_cons_disc_ret1d,sec_cons_disc_ret5d,sec_cons_stap_ret1d,sec_cons_stap_ret5d,sec_util_ret1d,sec_util_ret5d,sec_material_ret1d,sec_material_ret5d,sec_realestate_ret1d,sec_realestate_ret5d,sec_comm_ret1d,sec_comm_ret5d,spy_gex_matched,spy_gex_band,spy_gex_oi_src,spy_gex_oi_cover,spy_gex_per_contract,qqq_gex_matched,qqq_gex_band,qqq_gex_oi_src,qqq_gex_oi_cover,qqq_gex_per_contract,iwm_gex_matched,iwm_gex_band,iwm_gex_oi_src,iwm_gex_oi_cover,iwm_gex_per_contract
2026-07-01,16.59,0.85,-10.95,13.14,-21.79,-19.34,19.16,-4.82,-3.04,745.76,-0.14,1.71,725.17,-1.52,2.05,299.32,-0.38,0.89,85.52,-1.04,-2.13,4.475,2.36,-0.75,28.49,0.28,-0.14,370.6,0.6,1.28,6.02,0,0,0,1,8.35,1.0095,11069114.9,13030172.98,-1961058.08,2771457.07,4887176.01,-2115718.94,300732.33,1126574.06,-825841.73,-2.57,1.4,2.18,1.97,0.55,4.04,-0.56,-1.42,-1.01,1.75,0.69,2.62,0.28,-1.35,-1.26,-1.69,0.37,-0.27,0.34,-0.74,2.44,3.0,,,,,,,,,,,,,,,
2026-07-02,16.15,-2.65,-14.51,12.37,-26.37,-24.06,19.04,-5.41,-3.64,744.78,-0.13,1.43,712.6,-1.73,-0.53,297.58,-0.58,-0.44,85.51,-0.01,-1.74,4.485,2.58,-0.53,28.34,-0.53,-0.49,378.13,2.03,2.35,6.67,0,0,0,1,8.14,0.9424,750436.04,969354.52,-218918.48,232023.92,245845.69,-13821.77,101779.11,174393.71,-72614.61,-2.71,-2.16,1.53,4.06,2.63,5.21,0.78,-1.61,0.3,-0.11,-0.82,3.33,2.03,1.25,2.21,-0.2,1.94,0.33,1.13,0.2,-0.13,3.81,,,,,,,,,,,,,,,
2026-07-06,15.57,-3.59,-15.43,12.32,-0.4,-26.67,18.78,-1.37,-6.71,751.28,0.87,3.06,722.82,1.43,2.31,298.9,0.44,-0.31,85.45,-0.07,-1.83,4.479,-0.13,2.45,28.32,-0.07,-0.49,382.13,1.06,2.27,6.46,0,0,0,1,9.0,1.0238,1032090.12,1163225.59,-131135.47,438735.3,467165.43,-28430.14,195145.41,217590.16,-22444.75,1.65,1.36,0.93,4.8,-1.09,1.01,-0.17,-1.32,0.9,2.41,0.76,3.18,-1.05,-0.72,-1.01,-1.95,-0.06,0.74,-0.87,-2.1,0.56,3.8,,,,,,,,,,,,,,,
2026-07-07,16.13,3.6,-8.61,13.42,8.49,-20.12,19.01,-0.16,-5.56,747.71,-0.48,0.91,709.43,-1.85,-2.02,296.19,-0.91,-0.93,84.55,-1.05,-2.96,4.529,0.98,3.59,28.4,0.28,0.11,377.49,-1.21,2.42,5.59,0,0,0,1,8.41,1.1328,16125942.88,22564610.08,-6438667.2,5120403.86,11056710.76,-5936306.9,1964234.9,3413800.19,-1449565.29,-2.39,-3.36,-0.16,4.34,1.53,2.3,2.84,1.98,-1.71,-0.21,-0.53,0.23,0.9,0.58,0.88,-0.7,-0.9,1.68,1.35,-0.07,0.73,2.91,,,,,,,,,,,,,,,
2026-07-08,16.9,4.77,2.74,12.37,-5.86,-30.97,19.04,-0.63,-6.35,745.4,-0.31,-0.18,711.44,0.28,-3.39,293.48,-0.91,-2.32,84.36,-0.22,-2.02,4.569,0.88,4.46,28.36,-0.14,-0.18,374.45,-0.81,1.65,6.67,0,0,0,1,8.0,1.279,17472578.06,24439825.15,-6967247.1,5780853.77,10965045.41,-5184191.64,2130691.14,3926254.06,-1795562.92,1.24,-4.79,-1.93,2.54,-1.3,2.29,1.76,4.69,-1.07,-2.6,-1.78,-1.69,-0.55,1.59,-0.74,0.04,-2.62,-1.32,-1.65,0.27,-1.41,2.17,,,,,,,,,,,,,,,
2026-07-09,15.84,-6.27,-4.52,12.5,1.05,-25.6,18.99,-0.26,-5.66,751.71,0.85,0.8,723.28,1.66,-0.26,297.24,1.28,-0.69,84.49,0.15,-1.2,4.539,-0.66,2.74,28.36,0.0,-0.46,378.18,1.0,2.05,6.49,0,0,0,1,8.84,0.9959,17456348.98,21534944.27,-4078595.29,6152758.44,10268159.13,-4115400.69,2275311.52,3293012.6,-1017701.08,2.18,-0.15,1.04,1.39,-0.08,1.65,-1.4,3.81,0.38,-1.23,1.34,-1.05,-1.41,-0.12,-0.51,0.8,0.2,-1.49,0.18,0.11,0.96,0.7,,,,,,,,,,,,,,,
2026-07-10,15.03,-5.11,-6.93,11.15,-9.86,-33.63,18.57,-2.47,-7.75,754.95,0.43,1.37,725.51,0.31,1.81,295.99,-0.42,-0.53,84.47,-0.02,-1.22,4.569,0.66,2.1,28.39,0.11,0.18,377.01,-0.31,-0.3,7.42,0,0,0,1,9.24,1.0972,18655230.9,21746545.24,-3091314.34,7010142.72,10434488.15,-3424345.43,2411704.09,3946421.82,-1534717.73,0.23,2.87,0.31,0.16,-0.82,-1.77,0.47,3.49,0.45,-1.08,0.33,0.1,1.11,-1.02,0.62,-0.76,1.25,-2.15,0.5,-0.51,1.02,1.86,,,,,,,,,,,,,,,
2026-07-13,17.16,14.17,10.21,15.13,35.7,22.81,19.64,5.76,4.58,749.17,-0.77,-0.28,711.74,-1.9,-1.53,293.48,-0.85,-1.81,83.97,-0.59,-1.73,4.609,0.88,2.9,28.5,0.39,0.64,367.13,-2.62,-3.93,4.51,0,0,0,1,8.33,1.2109,18155458.05,24911167.62,-6755709.57,6412814.84,12267261.21,-5854446.37,2344242.78,4309225.8,-1964983.01,-2.42,-1.25,0.65,-0.12,0.35,-0.34,3.01,6.79,-0.85,-2.8,-1.02,-1.67,0.56,0.58,0.68,0.93,-0.61,-2.69,0.56,0.93,-0.04,1.25,,,,,,,,,,,,,,,
2026-07-14,16.5,-3.85,2.29,13.46,20.72,9.25,19.3,3.93,2.77,751.83,0.36,0.55,719.71,1.12,1.45,294.51,0.35,-0.57,84.08,0.13,-0.56,4.585,-0.52,1.24,28.39,-0.39,-0.04,372.15,1.37,-1.41,5.84,0,0,0,1,8.64,0.887,20195129.14,26355241.25,-6160112.12,8040172.81,11207619.64,-3167446.83,2556254.13,4446229.85,-1889975.72,1.29,2.48,0.2,0.23,-1.93,-3.74,0.37,4.23,0.04,-1.06,-0.12,-1.27,-1.38,-1.7,-0.07,-0.02,0.12,-1.69,-0.49,-0.91,-0.13,0.39,,,,,,,,,,,,,,,
2026-07-15,15.67,-5.03,-7.28,12.06,8.16,-2.11,18.91,1.83,0.69,754.81,0.4,1.26,717.74,-0.27,0.89,295.77,0.43,0.78,84.24,0.19,-0.14,4.545,-0.87,-0.53,28.25,-0.49,-0.39,372.35,0.05,-0.56,6.85,0,0,0,1,8.99,0.9891,22231342.74,26702120.62,-4470777.88,8587922.39,12998697.35,-4410774.96,2972644.97,5839744.39,-2867099.43,-1.11,0.1,0.68,2.89,0.0,-2.47,-0.79,1.62,-0.22,-0.2,0.95,1.47,0.06,-1.09,-1.03,-0.31,-0.28,0.68,0.18,0.93,1.73,3.58,,,,,,,,,,,,,,,
2026-07-16,16.73,6.76,5.62,13.98,25.38,13.47,19.5,5.01,3.83,750.72,-0.54,-0.13,705.94,-1.64,-2.4,295.59,-0.06,-0.56,84.21,-0.04,-0.33,4.569,0.53,0.66,28.34,0.32,-0.07,364.96,-1.98,-3.5,5.52,0,0,0,1,8.33,1.1848,20222521.28,30018785.49,-9796264.21,6351914.2,14650307.77,-8298393.58,2891476.52,5887847.74,-2996371.22,-2.24,-4.22,0.34,2.18,2.22,-0.23,0.92,4.01,0.05,-0.53,0.29,0.42,2.8,3.14,0.55,0.75,0.77,1.25,2.02,2.78,-0.64,1.94,,,,,,,,,,,,,,,
2026-07-17,18.77,12.19,24.88,16.85,51.12,36.77,20.54,10.61,9.37,743.29,-0.99,-1.54,695.33,-1.5,-4.16,294.04,-0.52,-0.66,84.52,0.37,0.06,4.541,-0.61,-0.61,28.33,-0.04,-0.21,368.41,0.95,-2.28,3.69,0,0,0,1,7.19,1.1978,23208163.73,39910474.08,-16702310.35,6598013.13,16468163.45,-9870150.32,,,,-1.09,-5.48,-0.86,0.99,-0.44,0.16,1.16,4.72,-0.41,-1.38,-1.62,-1.54,-0.72,1.27,-0.66,-0.53,-0.71,-0.71,-0.09,2.18,-1.78,-0.89,,,,,,,,,,,,,,,
2026-07-20,18.65,-0.64,8.68,17.78,5.52,17.51,20.4,-0.68,3.87,742.09,-0.16,-0.95,696.06,0.1,-2.2,292.31,-0.59,-0.4,83.89,-0.75,-0.1,4.598,1.26,-0.24,28.39,0.21,-0.39,367.6,-0.22,0.13,2.62,0,0,0,1,6.95,1.1561,23567905.34,44525394.08,-20957488.73,8267339.5,17777222.12,-9509882.62,2926244.7,7567957.48,-4641712.77,0.07,-3.07,-0.39,-0.05,-1.14,-1.34,0.45,2.11,-0.72,-1.25,-0.72,-1.23,-0.39,0.32,-0.51,-1.71,-0.99,-1.09,-0.42,1.19,0.14,-0.71,,,,,,,,,,,,,,,
2026-07-21,17.05,-8.58,3.33,15.48,-8.13,2.31,19.59,-4.63,-0.25,748.28,0.83,-0.47,708.97,1.85,-1.49,296.54,1.45,0.69,83.66,-0.27,-0.5,4.628,0.65,0.94,28.48,0.32,0.32,374.81,1.96,0.71,4.11,0,0,0,1,7.78,1.2091,27813672.95,44309231.19,-16495558.24,10407623.93,17536179.8,-7128555.87,3468372.09,7311523.15,-3843151.06,2.89,-1.55,0.12,-0.12,0.63,1.24,0.97,2.72,0.3,-0.99,0.23,-0.89,-0.94,0.77,-0.04,-1.69,0.14,-1.07,-0.07,1.62,-0.69,-1.27,,,,,,,,,,,,,,,
2026-07-22,16.64,-2.4,6.19,14.88,-11.69,-1.65,19.54,-4.87,-0.51,747.41,-0.12,-0.98,705.35,-0.51,-1.73,293.79,-0.93,-0.67,83.44,-0.26,-0.95,4.657,0.63,2.46,28.45,-0.11,0.71,379.12,1.15,1.82,4.66,0,0,0,1,7.59,1.2412,28859878.91,47090058.16,-18230179.25,10373012.03,18737782.18,-8364770.15,3434589.51,8648094.44,-5213504.92,-0.28,-0.72,-0.11,-0.9,-0.51,0.72,1.2,4.78,0.11,-0.67,-0.74,-2.55,0.38,1.09,2.25,1.57,1.44,0.63,-0.42,1.01,-0.75,-3.69,,,,,,,,,,,,,,,
2026-07-23,18.7,12.38,11.78,16.85,20.53,51.12,20.54,5.33,10.61,738.18,-1.23,-1.67,691.96,-1.9,-1.98,292.09,-0.58,-1.18,83.17,-0.32,-1.24,4.703,0.99,2.93,28.56,0.39,0.78,371.52,-2.0,1.8,3.69,0,0,0,1,6.2,1.2013,68582.88,0.0,68582.88,0.0,1124.24,-1124.24,,,,-1.01,0.52,-0.39,-1.62,1.26,-0.22,0.3,4.14,1.73,0.99,-4.61,-7.31,-1.39,-3.03,0.57,1.58,-1.04,-1.18,-0.13,-1.12,-3.5,-6.45,27.0,30-45,yf+alpaca,1.0,2540.1067,6.0,30-45,yf+alpaca,1.0,-187.3738,,,,,
2026-07-24,18.58,-0.64,-1.01,17.62,4.57,16.46,20.51,-0.15,4.43,738.93,0.1,-0.59,684.23,-1.12,-1.6,291.17,-0.31,-0.98,83.25,0.1,-1.5,4.679,-0.51,3.04,28.58,0.07,0.88,371.9,0.1,0.95,2.89,0,0,0,1,6.26,1.1735,7388253.49,13165607.26,-5777353.76,1137882.31,2351048.35,-1213166.03,149743.72,465210.75,-315467.03,-1.44,0.17,0.86,0.09,0.7,0.92,0.4,3.36,0.4,1.81,0.6,-5.22,1.11,-1.24,0.22,2.48,1.93,1.44,2.22,1.17,0.87,-3.93,692.0,30-45,yf+alpaca,1.0,-8348.7771,594.0,30-45,yf+alpaca,1.0,-2042.3671,157.0,30-45,yf+alpaca,1.0,-2009.3441
2026-07-27,18.67,0.48,0.11,18.13,7.6,19.83,20.2,-1.66,2.85,739.09,0.02,-0.4,682.12,-0.31,-2.0,292.91,0.6,0.21,83.75,0.6,-0.17,4.641,-0.81,0.94,28.6,0.07,0.74,374.63,0.73,1.91,2.07,0,0,0,1,6.22,0.984,7668601.92,13801285.01,-6132683.08,1287164.43,2598184.63,-1311020.2,176126.18,527257.28,-351131.09,-0.9,-0.8,1.01,1.5,0.51,2.61,-2.11,0.72,0.3,2.85,1.31,-3.29,1.46,0.59,-1.32,1.65,0.25,2.72,-0.41,1.17,1.28,-2.83,850.0,30-45,yf+alpaca,1.0,-7214.9213,851.0,30-45,yf+alpaca,1.0,-1540.5643,217.0,30-45,yf+alpaca,1.0,-1618.1156
2026-07-28,18.21,-2.46,6.8,17.25,2.37,14.01,19.86,-3.31,1.12,740.86,0.24,-0.99,675.49,-0.97,-4.72,293.37,0.16,-1.07,84.24,0.59,0.69,4.604,-0.8,-0.52,28.58,-0.07,0.35,369.37,-1.4,-1.45,2.61,0,0,0,1,6.42,1.0655,8724334.48,14299752.93,-5575418.45,1927749.42,2540829.06,-613079.64,210067.89,539985.3,-329917.41,-1.84,-5.36,1.27,2.66,2.36,4.37,-1.35,-1.59,-0.39,2.14,1.48,-2.08,1.99,3.57,-0.35,1.34,1.85,4.47,0.55,1.79,1.87,-0.33,852.0,30-45,yf+alpaca,1.0,-6543.9184,817.0,30-45,yf+alpaca,1.0,-750.4035,218.0,30-45,yf+alpaca,1.0,-1513.3826
2026-07-29,20.66,13.45,24.16,20.38,20.95,34.7,21.5,4.67,9.47,729.46,-1.54,-2.4,661.73,-2.04,-6.18,288.57,-1.64,-1.78,82.85,-1.65,-0.71,4.622,0.39,-0.75,28.42,-0.56,-0.11,371.08,0.46,-2.12,1.12,0,1,0,1,4.73,1.1427,6999044.9,16029715.36,-9030670.45,2733759.72,2827547.14,-93787.43,178593.51,598014.75,-419421.25,-2.64,-7.6,-1.6,1.12,-0.61,4.27,1.88,-0.93,-3.19,-1.22,-0.77,-2.11,0.34,3.53,-1.34,-2.22,-1.15,1.81,-0.11,2.11,-0.15,0.28,842.0,30-45,yf+alpaca,1.0,-10725.2618,730.0,30-45,yf+alpaca,1.0,-128.4759,219.0,30-45,yf+alpaca,1.0,-1915.1655
2026-07-30,17.09,-17.28,-8.61,14.85,-11.87,-1.85,19.5,-5.06,-0.71,741.69,1.68,0.48,683.55,3.3,-1.22,292.59,1.39,0.17,82.8,-0.06,-0.44,4.663,0.89,-0.85,28.14,-0.99,-1.47,377.16,1.64,1.52,4.65,0,0,0,1,6.42,1.2118,8261723.46,12861025.75,-4599302.29,3846669.0,2391320.58,1455348.41,202261.32,42616.37,159644.95,5.5,-1.52,0.56,2.1,-1.64,1.29,0.53,-0.71,0.98,-1.95,0.7,3.34,-2.16,2.72,-0.56,-3.31,-0.19,2.68,-1.44,0.78,-2.68,1.14,592.0,30-45,yf+alpaca,1.0,-7769.0917,511.0,30-45,yf+alpaca,1.0,2848.0399,97.0,30-45,yf+alpaca,1.0,1645.8242
2026-07-31,15.99,-6.44,-13.94,13.05,-22.55,-13.75,19.02,-7.4,-3.16,747.03,0.72,1.1,687.99,0.65,0.55,291.2,-0.48,0.01,82.25,-0.66,-1.2,4.745,1.76,1.41,28.17,0.11,-1.43,371.54,-1.49,-0.1,5.97,0,0,0,1,7.12,1.0321,9821795.8,12440529.2,-2618733.4,3678973.96,3236134.24,442839.73,197437.19,44163.1,153274.09,-0.22,-0.3,-0.11,1.12,-0.59,-0.01,1.0,-0.12,0.81,-1.54,3.29,6.11,-0.49,1.09,-0.69,-4.19,-2.34,-1.62,-0.51,-1.92,1.56,1.83,588.0,30-45,yf+alpaca,1.0,-4453.6282,510.0,30-45,yf+alpaca,1.0,868.3132,97.0,30-45,yf+alpaca,1.0,1580.1452
2026-08-03,15.86,-0.81,-15.05,13.28,-21.19,-12.23,18.93,-7.84,-3.62,757.67,1.42,2.51,700.07,1.76,2.63,296.22,1.72,1.13,82.19,-0.07,-1.86,4.686,-1.24,0.97,28.17,0.0,-1.5,371.71,0.05,-0.78,5.65,0,0,0,1,8.56,0.909,3697646.16,927085.53,2770560.63,626748.11,270397.36,356350.75,346665.93,102355.61,244310.32,1.53,2.15,0.77,0.88,-0.19,-0.71,-1.28,0.74,1.85,-0.02,1.83,6.65,-0.22,-0.59,0.02,-2.89,1.15,-0.74,0.24,-1.27,2.86,3.42,480.0,30-45,yf+alpaca,1.0,5772.0013,560.0,30-45,yf+alpaca,1.0,636.3406,268.0,30-45,yf+alpaca,1.0,911.6057
2026-08-04,16.5,4.04,-9.39,15.04,-10.74,-0.59,19.34,-5.84,-1.53,771.33,1.8,4.11,723.85,3.4,7.16,301.71,1.85,2.84,82.82,0.77,-1.29,4.627,-1.26,0.5,28.16,-0.04,-1.47,374.16,0.66,1.3,4.3,0,0,0,1,10.43,0.468,25745286.66,20064564.55,5680722.12,16338637.3,11656945.76,4681691.54,4928935.51,4244321.9,684613.61,4.98,9.24,0.87,0.49,-0.09,-3.09,-0.46,1.65,1.77,2.14,0.07,5.17,0.6,-1.94,-0.56,-3.1,1.94,-0.65,-0.02,-1.83,0.63,2.16,983.0,30-45,yf+alpaca,1.0,5778.9645,943.0,30-45,yf+alpaca,1.0,4964.6782,425.0,30-45,yf+alpaca,1.0,1610.8556
2026-08-05,15.81,-4.18,-23.48,13.79,-18.16,-8.86,18.95,-7.74,-3.51,769.79,-0.2,5.53,717.3,-0.9,8.4,299.77,-0.64,3.88,83.0,0.22,0.58,4.617,-0.22,-0.11,28.09,-0.25,-1.16,389.64,4.14,5.0,5.16,0,0,0,1,10.12,0.6283,28089300.31,22416068.11,5673232.2,17544186.28,13154667.35,4389518.93,5463939.73,5704456.69,-240516.95,-0.53,11.61,0.21,2.33,1.27,-1.25,-2.07,-2.28,-0.03,5.49,0.3,6.3,-0.05,-2.32,-1.02,-2.78,1.23,1.74,0.07,-1.65,-1.04,1.24,992.0,30-45,yf+alpaca,1.0,5718.9841,945.0,30-45,yf+alpaca,1.0,4644.9936,432.0,30-45,yf+alpaca,1.0,-556.7522
2026-08-06,15.15,-4.17,-11.35,12.66,-24.87,-16.33,18.69,-9.01,-4.84,768.56,-0.16,3.62,714.65,-0.37,4.55,298.25,-0.51,1.93,82.52,-0.58,0.06,4.67,1.15,0.15,28.19,0.36,0.18,389.67,0.01,3.32,6.03,0,0,0,1,9.86,1.2642,24607039.78,24462626.28,144413.49,16248129.81,13060208.17,3187921.64,4928001.35,5997858.25,-1069856.9,-0.31,5.46,-0.33,1.42,0.18,0.57,1.48,-1.36,-0.85,3.57,-0.46,5.08,-0.26,-0.42,-0.64,-2.87,-0.89,1.03,-0.86,-1.08,0.28,4.32,697.0,30-45,yf+alpaca,1.0,207.193,530.0,30-45,yf+alpaca,1.0,6014.9465,261.0,30-45,yf+alpaca,1.0,-4099.0686
2026-08-07,14.9,-1.65,-6.82,11.96,-29.02,-20.95,18.72,-8.86,-4.68,773.26,0.61,3.51,723.03,1.17,5.09,301.56,1.11,3.56,82.76,0.29,1.03,4.66,-0.21,-1.79,28.07,-0.43,-0.35,398.47,2.26,7.25,6.76,0,0,0,1,10.45,0.9596,27648967.51,23019821.37,4629146.14,17048337.65,13059567.14,3988770.52,5062380.91,5331067.7,-268686.79,1.42,7.2,-0.36,1.16,0.75,1.93,-1.13,-3.44,0.23,2.97,1.49,3.25,0.01,0.08,0.53,-1.67,1.32,4.82,0.38,-0.2,0.06,2.78,689.0,30-45,yf+alpaca,1.0,6718.6446,551.0,30-45,yf+alpaca,1.0,7239.1479,244.0,30-45,yf+alpaca,1.0,-1101.1754
2026-08-10,15.46,3.76,-2.52,12.77,-24.21,-15.6,18.98,-7.59,-3.36,773.03,-0.03,2.03,720.87,-0.3,2.97,299.98,-0.52,1.27,82.06,-0.85,-0.16,4.699,0.84,0.28,28.14,0.25,-0.11,402.54,1.02,8.29,6.21,0,0,0,1,10.33,1.0304,28017606.78,25366149.87,2651456.9,17166543.23,14406774.4,2759768.83,5423092.47,6372332.42,-949239.95,-0.88,4.65,0.36,0.75,1.67,3.82,4.66,2.36,-0.31,0.79,-0.16,1.24,-0.2,0.11,-1.1,-2.77,0.61,4.25,-1.29,-1.73,0.52,0.44,802.0,30-45,yf+alpaca,1.0,3306.056,678.0,30-45,yf+alpaca,1.0,4070.4555,319.0,30-45,yf+alpaca,1.0,-2975.6738
2026-08-11,15.28,-1.16,-7.39,12.52,-25.7,-17.25,18.91,-7.94,-3.72,770.56,-0.32,-0.1,718.45,-0.34,-0.75,300.99,0.34,-0.24,82.19,0.16,-0.76,4.684,-0.32,1.23,28.14,0.0,-0.07,400.96,-0.39,7.16,6.39,0,0,0,1,9.89,1.1308,29221236.9,28670721.49,550515.41,18528292.76,15554002.76,2974290.0,5549580.5,6168329.09,-618748.58,-0.12,-0.43,-0.02,-0.14,-0.26,3.65,1.25,4.12,0.6,-0.38,-0.36,0.8,-0.31,-0.8,1.16,-1.09,0.11,2.38,-0.72,-2.41,-0.5,-0.69,943.0,30-45,yf+alpaca,1.0,583.7915,821.0,30-45,yf+alpaca,1.0,3622.7649,381.0,30-45,yf+alpaca,1.0,-1624.012
2026-08-12,14.55,-4.78,-7.97,11.09,,,18.53,,,772.49,0.25,0.35,723.7,0.73,0.89,302.71,0.57,0.98,82.11,-0.1,-1.07,4.682,-0.04,1.41,28.2,0.21,0.39,404.92,0.99,3.92,7.44,0,0,0,1,10.08,1.1243,30645928.13,29286957.17,1358970.95,19188844.37,15871605.92,3317238.45,6115939.27,6303194.66,-187255.4,1.49,1.59,0.21,-0.14,0.26,2.61,0.16,6.49,0.1,-0.25,-1.13,-0.63,0.46,-0.29,0.48,0.41,-1.24,-0.11,0.93,-1.57,-0.9,-0.54,945.0,30-45,yf+alpaca,1.0,1438.0645,830.0,30-45,yf+alpaca,1.0,3996.6728,380.0,30-45,yf+alpaca,1.0,-492.7774
2026-08-13,14.63,0.55,-3.43,11.37,-32.52,-24.85,18.61,-9.4,-5.24,777.88,0.7,1.21,732.07,1.16,2.44,303.5,0.26,1.76,82.59,0.58,0.08,4.641,-0.88,-0.62,28.18,-0.07,-0.04,398.96,-1.47,2.38,7.24,0,0,0,1,10.77,0.7771,29706149.18,25301865.63,4404283.56,19999121.48,13214360.24,6784761.24,6745101.7,6206842.21,538259.5,1.01,2.94,0.59,0.78,-0.04,2.39,0.05,4.99,-0.05,0.56,0.48,0.3,1.08,1.05,0.46,1.52,-0.51,0.27,1.42,0.69,2.07,1.23,635.0,30-45,yf+alpaca,1.0,6935.8796,519.0,30-45,yf+alpaca,1.0,13072.7577,236.0,30-45,yf+alpaca,1.0,2280.7606
2026-08-14,14.25,-2.6,-4.36,10.61,-37.03,-29.87,18.46,-10.13,-6.01,776.34,-0.2,0.4,731.07,-0.14,1.11,305.09,0.52,1.17,82.04,-0.67,-0.87,4.696,1.19,0.77,28.11,-0.25,0.14,401.48,0.63,0.76,7.85,0,0,0,1,10.47,1.0653,30866977.66,27194712.47,3672265.19,21072922.31,14083733.39,6989188.92,7273460.42,6579280.42,694180.0,-0.4,1.09,-0.17,0.97,-0.6,1.02,1.39,7.67,0.39,0.72,-0.21,-1.38,0.1,1.14,0.61,1.61,0.44,-0.61,0.33,0.64,0.36,1.53,642.0,30-45,yf+alpaca,1.0,5720.0392,512.0,30-45,yf+alpaca,1.0,13650.7596,230.0,30-45,yf+alpaca,1.0,3018.1739
2026-08-17,15.19,6.6,-1.75,12.39,-26.47,-18.11,19.04,-7.3,-3.05,772.67,-0.47,-0.05,729.87,-0.16,1.25,304.06,-0.34,1.36,81.35,-0.84,-0.87,4.724,0.6,0.53,28.1,-0.04,-0.14,405.49,1.0,0.73,6.65,0,0,0,1,9.88,1.3305,44310656.54,35629287.28,8681369.26,24715588.6,16765010.07,7950578.53,7863751.24,7937147.14,-73395.9,0.16,2.15,-1.0,-0.4,-0.19,-0.83,1.08,3.99,-0.1,0.93,-1.23,-2.44,-1.64,-0.32,-0.29,2.43,-0.57,-1.77,-0.97,-0.33,-1.89,-0.39,1209.0,30-45,yf+alpaca,1.0,7180.6197,1018.0,30-45,yf+alpaca,1.0,7809.9986,380.0,30-45,yf+alpaca,1.0,-193.1471
2026-08-18,15.84,4.28,3.66,13.59,-19.35,-10.18,19.27,-6.18,-1.88,767.45,-0.68,-0.4,717.51,-1.69,-0.13,300.23,-1.26,-0.25,81.66,0.38,-0.64,4.706,-0.38,0.47,28.14,0.14,0.0,398.55,-1.71,-0.6,5.68,0,0,0,1,9.07,1.3213,42557493.76,42243805.63,313688.13,22767226.47,21264144.4,1503082.06,7352509.33,10115100.12,-2762590.8,-2.47,-0.25,0.45,0.07,1.6,1.02,1.76,4.51,-1.48,-1.15,-0.33,-2.42,1.06,1.05,-0.36,0.89,-0.88,-2.74,-0.45,0.52,-0.31,-1.21,1368.0,30-45,yf+alpaca,1.0,229.3042,1129.0,30-45,yf+alpaca,1.0,1331.3393,472.0,30-45,yf+alpaca,1.0,-5852.9466
2026-08-19,14.89,-6.0,2.34,12.66,-24.87,-16.33,18.57,-9.59,-5.45,769.06,0.21,-0.44,716.08,-0.2,-1.05,301.72,0.5,-0.33,83.02,1.67,1.11,4.653,-1.13,-0.62,27.88,-0.92,-1.13,413.84,3.84,2.2,5.91,0,0,0,1,9.22,1.0902,45507295.72,41882330.6,3624965.13,24964283.74,20597393.2,4366890.54,7958250.57,11586089.71,-3627839.13,-1.07,-2.76,-0.62,-0.76,3.51,4.3,-0.16,4.18,-0.88,-2.11,1.92,0.59,1.12,1.72,0.0,0.41,1.43,-0.11,0.81,1.12,0.76,0.95,1212.0,30-45,yf+alpaca,1.0,2990.8953,1014.0,30-45,yf+alpaca,1.0,4306.5982,430.0,30-45,yf+alpaca,1.0,-8436.8352
2026-08-20,16.01,7.52,9.43,14.39,-14.6,-4.89,19.06,-7.21,-2.95,762.6,-0.84,-1.96,710.93,-0.72,-2.89,297.67,-1.34,-1.92,82.34,-0.82,-0.3,4.696,0.92,1.19,27.91,0.11,-0.96,415.26,0.34,4.09,4.67,0,0,0,1,8.24,1.3118,10945029.49,7874256.76,3070772.73,2421617.27,2796006.2,-374388.93,626952.5,1407868.46,-780915.97,-0.29,-4.02,-0.92,-2.25,-1.87,2.38,0.27,4.41,-1.2,-3.24,-1.61,-1.49,-1.41,-0.79,-0.57,-0.61,-0.19,0.21,0.2,-0.09,-0.57,-1.66,853.0,30-45,yf+alpaca,1.0,3599.968,755.0,30-45,yf+alpaca,1.0,-495.8794,297.0,30-45,yf+alpaca,1.0,-2629.3467
2026-08-21,15.13,-5.5,6.18,12.58,,,18.5,,,765.72,0.41,-1.37,713.44,0.35,-2.41,299.96,0.77,-1.68,82.05,-0.35,0.01,4.738,0.89,0.89,27.9,-0.04,-0.75,423.36,1.95,5.45,5.92,0,0,0,1,8.62,1.1037,10689996.35,7472013.84,3217982.51,2674796.65,3196129.84,-521333.19,715663.81,1339659.53,-623995.72,0.11,-3.53,0.93,-1.17,1.29,4.33,-0.17,2.79,0.27,-3.36,1.15,-0.15,0.79,-0.12,-2.28,-3.48,2.14,1.9,0.0,-0.42,0.65,-1.37,802.0,30-45,yf+alpaca,1.0,4012.447,751.0,30-45,yf+alpaca,1.0,-694.1853,277.0,30-45,yf+alpaca,1.0,-2252.6921
2026-08-24,15.85,4.76,4.34,14.07,,,18.56,,,763.47,-0.29,-1.19,706.32,-1.0,-3.23,297.97,-0.66,-2.0,82.56,0.62,1.49,4.704,-0.72,-0.42,27.96,0.22,-0.5,426.69,0.79,5.23,4.49,0,0,0,1,8.22,1.2629,10506037.89,8804583.04,1701454.85,2803231.39,3835558.26,-1032326.87,683370.7,1595925.2,-912554.49,-1.78,-5.4,1.29,1.11,0.05,4.58,-0.83,0.85,-0.69,-3.93,0.24,1.33,1.7,3.27,1.05,-2.17,0.07,2.57,0.55,1.12,0.83,1.35,984.0,30-45,yf+alpaca,1.0,1729.1208,875.0,30-45,yf+alpaca,1.0,-1179.8021,420.0,30-45,yf+alpaca,1.0,-2172.7488
2026-08-25,15.45,-2.52,-2.46,13.45,,,18.21,,,765.91,0.32,-0.2,710.72,0.62,-0.95,299.23,0.42,-0.33,83.47,1.1,2.22,4.639,-1.38,-1.42,27.94,-0.07,-0.71,428.07,0.32,7.41,4.76,0,0,0,1,8.5,1.0002,11633603.05,9718677.34,1914925.71,3141539.25,4122361.17,-980821.92,766745.65,1582034.57,-815288.91,0.94,-2.09,0.15,0.81,0.34,3.28,-1.66,-2.54,-0.34,-2.82,-0.3,1.37,-1.06,1.1,0.21,-1.61,0.0,3.48,0.07,1.64,0.77,2.44,988.0,30-45,yf+alpaca,1.0,1938.1839,867.0,30-45,yf+alpaca,1.0,-1131.2825,440.0,30-45,yf+alpaca,1.0,-1852.9293
